nature,accountCode,Fund,,responsibilityCode,,Budget Segment,,General Ledger 1,,General Ledger 2,,objectCode,,Object Code 2,,Special Code,,Cash Flow,,Future,,
15% Admin cost - BAO,9316511,164,Revolving Fund,LB03017001,UPLB Business Affairs Office,-,,40202050,Rent/Lease Income,-,,40202050,Rent/Lease Income,4,Space,-,,1105,Collection of service and business income,-,  ,
Accommodation - CEC,9302011,164,Revolving Fund,LB03018001,UPLB Continuing Education Center,-,,40202130,Income from Hostels/Dormitories and Other Like Facilities,-,,40202130,Income from Hostels/Dormitories and Other Like Facilities,-,,-,,1105,Collection of service and business income,-,  ,
Artemio V. Manza Room,9300422,164,Revolving Fund,LB02017001,UPLB College of Forestry and Natural Resources,-,,40202050,Rent/Lease Income,-,,40202050,Rent/Lease Income,-,,-,,1105,Collection of service and business income,-,  ,
Lansigan Auditorium,9300422,164,Revolving Fund,LB02017001,UPLB College of Forestry and Natural Resources,-,,40202050,Rent/Lease Income,-,,40202050,Rent/Lease Income,-,,-,,1105,Collection of service and business income,-,  ,
Other rentals-BAO,9316511,164,Revolving Fund,LB03017001,UPLB Business Affairs Office,-,,40202050,Rent/Lease Income,-,,40202050,Rent/Lease Income,-,,-,,1105,Collection of service and business income,-,  ,
REB Review fees,9318711,164,Revolving Fund,-,,-,,40202990,Other Business Income,G099,Other Business Income,40202990,Other Business Income,G099,Other Business Income,C0003652,UPLB 9318711 UPLB Research Ethics Board (UPLB REB) Review Fees,1105,Collection of service and business income,-,  ,
Rental of LED wall-Baker hall,9305710,164,Revolving Fund,LB02010001,UPLB Office of the Vice Chancellor for Planning and Development,-,,40202050,Rent/Lease Income,-,,40202050,Rent/Lease Income,-,,-,,1105,Collection of service and business income,-,  ,
Rental of potted plants-UPMO,9302612,164,Revolving Fund,LB03019001,UPLB University Planning & Maintenance Office,-,,40202050,Rent/Lease Income,-,,40202050,Rent/Lease Income,-,,-,,1105,Collection of service and business income,-,  ,
Rentals- PPMSO,9302612,164,Revolving Fund,LB03019001,UPLB University Planning & Maintenance Office,-,,40202050,Rent/Lease Income,-,,40202050,Rent/Lease Income,-,,-,,1105,Collection of service and business income,-,  ,
Room rental-GS,9300725,164,Revolving Fund,LB02021001,UPLB Graduate School,-,,40202050,Rent/Lease Income,-,,40202050,Rent/Lease Income,-,,-,,1105,Collection of service and business income,-,  ,
Use of EB Copeland Gym,9315411,164,Revolving Fund,LB03036001,UPLB Department of Human Kinetics,-,,40202050,Rent/Lease Income,-,,40202050,Rent/Lease Income,4,Space,-,,1105,Collection of service and business income,-,  ,
Van Rental-GS,9300725,164,Revolving Fund,LB02021001,UPLB Graduate School,-,,40202050,Rent/Lease Income,-,,40202050,Rent/Lease Income,-,,-,,1105,Collection of service and business income,-,  ,
Van maintenance-GS,9300725,164,Revolving Fund,LB02021001,UPLB Graduate School,-,,40202990,Other Business Income,G099,Other Business Income,40202990,Other Business Income,G099,Other Business Income,-,,1105,Collection of service and business income,-,  ,
Accommodation - Landgrant,9319912,164,Revolving Fund,LB03016001,UPLB Land Grant Management Office,-,,40202050,Rent/Lease Income,-,,40202050,Rent/Lease Income,-,,-,,1105,Collection of service and business income,-,  ,
Accomodation - TREES,9315291,164,Revolving Fund,LB03070001,UPLB Training Center for Tropical Resources and Ecosystems Sustainability,-,,40202130,Income from Hostels/Dormitories and Other Like Facilities,-,,40202130,Income from Hostels/Dormitories and Other Like Facilities,-,,-,,1105,Collection of service and business income,-,  ,
Add - Hospital Bills - CVM,9317228,164,Revolving Fund,LB03083001,UPLB College of Veterinary Medicine,-,,40202170,Hospital Fees,-,,40202170,Hospital Fees,-,,-,,1105,Collection of service and business income,-,  ,
Admission Fee - GS,9300725,164,Revolving Fund,LB02021001,UPLB Graduate School,-,,40202010,School Fees,G099,Other School Fees,40202010,School Fees,G099,Other School Fees,-,,1105,Collection of service and business income,-,  ,
Alumni Fee,0517,164,Revolving Fund,LB02006001,UPLB Office of the Alumni Affairs,-,,20401010,Trust Liabilities,-,,20401010,Trust Liabilities,-,,-,,1126,Collection of other trust receipts,-,  ,
AMDP-business income,9312832,164,Revolving Fund,LB04017001,UPLB Agricultural Mechanization Development Program,-,,40202990,Other Business Income,G099,Other Business Income,40202990,Other Business Income,G099,Other Business Income,-,,1105,Collection of service and business income,-,  ,
Analysis,9310121,164,Revolving Fund,LB04003001,UPLB Institute of Animal Science,-,,40202990,Other Business Income,G099,Others,40202990,Other Business Income,7,Others,C0000913,UPLB 9310121 - Animal Nutrition Analytical Services Laboratory,1105,Collection of service and business income,-,  ,
Analysis - IBS,9310323,164,Revolving Fund,LB03039001,UPLB Institute of Biological Sciences,-,,40202990,Other Business Income,G099,Others,40202990,Other Business Income,7,Others,C0000877,UPLB 9310423 - IC - Analytical Service Laboratory (BOR 982),1105,Collection of service and business income,-,  ,
Analysis - IFST,9303521,164,Revolving Fund,LB04012001,UPLB Institute of Food Science and Technology,-,,40202990,Other Business Income,G099,Other Business Income,40202990,Other Business Income,G099,Other Business Income,-,,1105,Collection of service and business income,-,  ,
Analysis - Soils,9303821,164,Revolving Fund,LB04002001,UPLB Soil Science Department,-,,40202990,Other Business Income,G099,Others,40202990,Other Business Income,7,Others,-,,1105,Collection of service and business income,-,  ,
Analytical Services - Chem,9310423,164,Revolving Fund,LB03040001,UPLB Institute of Chemistry,-,,40202990,Other Business Income,G099,Others,40202990,Other Business Income,7,Others,-,,1105,Collection of service and business income,-,  ,
Analytical Services - IAS,9310121,164,Revolving Fund,LB04003001,UPLB Institute of Animal Science,-,,40202990,Other Business Income,G099,Others,40202990,Other Business Income,7,Others,C0000913,UPLB 9310121 - Animal Nutrition Analytical Services Laboratory,1105,Collection of service and business income,-,  ,
Analytical Services - IPB,9308921,164,Revolving Fund,LB04011001,UPLB Institute of Plant Breeding (IPB),-,,40202990,Other Business Income,G099,Others,40202990,Other Business Income,7,Others,-,,1105,Collection of service and business income,-,  ,
Analytical Services - PHTRC,9303621,164,Revolving Fund,LB04010001,UPLB Postharvest Horticulture Training and Research Center (PHTRC),-,,40202990,Other Business Income,G099,Others,40202990,Other Business Income,7,Others,-,,1105,Collection of service and business income,-,  ,CHANGE OF CODE
Analytical Services - SS,9303821,164,Revolving Fund,LB04002001,UPLB Soil Science Department,-,,40202990,Other Business Income,G099,Others,40202990,Other Business Income,7,Others,-,,1105,Collection of service and business income,-,  ,
Application Fee,9304811,164,Revolving Fund,LB03006001,UPLB Office of the University Registrar,-,,40202010,School Fees,G099,Other School Fees,40202010,School Fees,27,Others,-,,1105,Collection of service and business income,-,  ,
Application Fee - CIF,9300422,164,Revolving Fund,LB02017001,UPLB College of Forestry and Natural Resources,-,,40202010,School Fees,G099,Other School Fees,40202010,School Fees,G099,Other School Fees,-,,1105,Collection of service and business income,-,  ,
Application Fee - GS,9300725,164,Revolving Fund,LB02021001,UPLB Graduate School,-,,40202010,School Fees,G099,Other School Fees,40202010,School Fees,27,Others,-,,1105,Collection of service and business income,-,  ,
Application fee-CAFS,9300221,164,Revolving Fund,LB02012001,UPLB College of Agriculture and Food Science,-,,40202010,School Fees,G099,Other School Fees,40202010,School Fees,G099,Other School Fees,-,,1105,Collection of service and business income,-,  ,
Application fee-CAS,9300523,164,Revolving Fund,LB02013001,UPLB College of Arts and Sciences,-,,40202010,School Fees,G099,Other School Fees,40202010,School Fees,G099,Other School Fees,-,,1105,Collection of service and business income,-,  ,
Application fee-CDC,9303420,164,Revolving Fund,LB02014001,UPLB College of Development Communication,-,,40202010,School Fees,G099,Other School Fees,40202010,School Fees,G099,Other School Fees,-,,1105,Collection of service and business income,-,  ,
Application fee-CEAT,9301032,164,Revolving Fund,LB02015001,UPLB College of Engineering and Agro-Industrial Technology,-,,40202010,School Fees,G099,Other School Fees,40202010,School Fees,G099,Other School Fees,-,,1105,Collection of service and business income,-,  ,
Application fee-CEM,9300830,164,Revolving Fund,LB02016001,UPLB College of Economics and Management,-,,40202010,School Fees,G099,Other School Fees,40202010,School Fees,G099,Other School Fees,-,,1105,Collection of service and business income,-,  ,
Application fee-CHE,9308631,164,Revolving Fund,LB02018001,UPLB College of Human Ecology,-,,40202010,School Fees,G099,Other School Fees,40202010,School Fees,G099,Other School Fees,-,,1105,Collection of service and business income,-,  ,
Application fee-CVM,9318328,164,Revolving Fund,LB02020001,UPLB College of Veterinary Medicine,-,,40202010,School Fees,G099,Other School Fees,40202010,School Fees,G099,Other School Fees,-,,1105,Collection of service and business income,-,  ,
Auditorium Rental - CEM,9300830,164,Revolving Fund,LB02016001,UPLB College of Economics and Management,-,,40202050,Rent/Lease Income,-,,40202050,Rent/Lease Income,-,,-,,1105,Collection of service and business income,-,  ,
Auditorium Rental - ICOPED,9304227,164,Revolving Fund,LB03061001,UPLB Institute of Cooperatives and Bio-Enterprise Development,-,,40202050,Rent/Lease Income,-,,40202050,Rent/Lease Income,-,,-,,1105,Collection of service and business income,-,  ,
Authentication Fee - RMO,9301911,164,Revolving Fund,LB03004001,UPLB Records Management Office,-,,40202990,Other Business Income,G099,Others,40202990,Other Business Income,7,Others,-,,1105,Collection of service and business income,-,  ,
AWOL Fee,AWOL fee - college cannot be identified,164,Revolving Fund,-,,-,,40202010,School Fees,G002,Income Collection from Students,40202010,School Fees,27,Others,-,,1105,Collection of service and business income,-,  ,
AWOL Fee - CAFS,9300221 college of Agriculture / College of Agriculture and Food Science,164,Revolving Fund,LB02012001,UPLB College of Agriculture and Food Science,-,,40202010,School Fees,G002,Income Collection from Students,40202010,School Fees,27,Others,-,,1105,Collection of service and business income,-,  ,
AWOL Fee - CAS,9300523,164,Revolving Fund,LB02013001,UPLB College of Arts and Sciences,-,,40202010,School Fees,G002,Income Collection from Students,40202010,School Fees,27,Others,-,,1105,Collection of service and business income,-,  ,
AWOL Fee - CDC,9303420,164,Revolving Fund,LB02014001,UPLB College of Development Communication,-,,40202010,School Fees,G002,Income Collection from Students,40202010,School Fees,27,Others,-,,1105,Collection of service and business income,-,  ,
AWOL Fee - CEAT,9301032,164,Revolving Fund,LB02015001,UPLB College of Engineering and Agro-Industrial Technology,-,,40202010,School Fees,G002,Income Collection from Students,40202010,School Fees,27,Others,-,,1105,Collection of service and business income,-,  ,
AWOL Fee - CEM,9300830,164,Revolving Fund,LB02016001,UPLB College of Economics and Management,-,,40202010,School Fees,G002,Income Collection from Students,40202010,School Fees,27,Others,-,,1105,Collection of service and business income,-,  ,
AWOL Fee - CFNR,9300422,164,Revolving Fund,LB02017001,UPLB College of Forestry and Natural Resources,-,,40202010,School Fees,G002,Income Collection from Students,40202010,School Fees,27,Others,-,,1105,Collection of service and business income,-,  ,
AWOL Fee - CHE,9308631,164,Revolving Fund,LB02018001,UPLB College of Human Ecology,-,,40202010,School Fees,G002,Income Collection from Students,40202010,School Fees,27,Others,-,,1105,Collection of service and business income,-,  ,
AWOL Fee - CPAF,9321910,164,Revolving Fund,LB02019001,UPLB College of Public Affairs,-,,40202010,School Fees,G002,Income Collection from Students,40202010,School Fees,27,Others,-,,1105,Collection of service and business income,-,  ,
AWOL Fee - CVM,9318328,164,Revolving Fund,LB02020001,UPLB College of Veterinary Medicine,-,,40202010,School Fees,G002,Income Collection from Students,40202010,School Fees,27,Others,-,,1105,Collection of service and business income,-,  ,
AWOL Fee - GS,9300725,164,Revolving Fund,LB02021001,UPLB Graduate School,-,,40202010,School Fees,G002,Income Collection from Students,40202010,School Fees,27,Others,-,,1105,Collection of service and business income,-,  ,
AWOL Fee - SESAM,9311423,164,Revolving Fund,LB02022001,UPLB School of Environmental Science and Management,-,,40202010,School Fees,G002,Income Collection from Students,40202010,School Fees,27,Others,-,,1105,Collection of service and business income,-,  ,
Badminton Court Fee - DHK,9315411,164,Revolving Fund,LB03036001,UPLB Department of Human Kinetics,-,,40202050,Rent/Lease Income,-,,40202050,Rent/Lease Income,-,,-,,1105,Collection of service and business income,-,  ,
Bidder's Bond-OVCA,9305012,164,Revolving Fund,LB02007001,UPLB Office of the Vice Chancellor for Administration,-,,40202990,Other Business Income,G099,Other Business Income,40202990,Other Business Income,G099,Other Business Income,-,,1105,Collection of service and business income,-,  ,
Binding Fees,9301911,164,Revolving Fund,LB03004001,UPLB Records Management Office,-,,40202990,Other Business Income,G099,Others,40202990,Other Business Income,7,Others,-,,1105,Collection of service and business income,-,  ,
Bond Deposit,0519-2040101000-003,164,Revolving Fund,-,,-,,20401010,Trust Liabilities,-,,20401010,Trust Liabilities,-,,-,,1126,Collection of other trust receipts,-,  ,
Cafeteria - CEC,9302011,164,Revolving Fund,LB03018001,UPLB Continuing Education Center,-,,40202050,Rent/Lease Income,-,,40202050,Rent/Lease Income,2,Food Stalls,-,,1105,Collection of service and business income,-,  ,
Camping Fee - MCME,9311222,164,Revolving Fund,LB03068001,UPLB Makiling Center for Mountain Ecosystems,-,,40202990,Other Business Income,G099,Others,40202990,Other Business Income,7,Others,-,,1105,Collection of service and business income,-,  ,
Carillon,0518-2040101000-003,164,Revolving Fund,-,,-,,20401010,Trust Liabilities,-,,20401010,Trust Liabilities,-,,-,,1126,Collection of other trust receipts,-,  ,
CEM Lecture Hall,9300830,164,Revolving Fund,LB02016001,UPLB College of Economics and Management,-,,40202050,Rent/Lease Income,-,,40202050,Rent/Lease Income,-,,-,,1105,Collection of service and business income,-,  ,
Central Experiment Station Services,9313121,164,Revolving Fund,LB03030001,UPLB Central Experiment Station,-,,40202990,Other Business Income,G099,Others,40202990,Other Business Income,7,Others,-,,1105,Collection of service and business income,-,  ,
Certificate of Good Moral Character,9300221 college of Agriculture / College of Agriculture and Food Science,164,Revolving Fund,LB02012001,UPLB College of Agriculture and Food Science,-,,40202010,School Fees,G099,Other School Fees,40202010,School Fees,27,Others,-,,1105,Collection of service and business income,-,  ,
Certification - GS,9300725,164,Revolving Fund,LB02021001,UPLB Graduate School,-,,40202010,School Fees,G099,Other School Fees,40202010,School Fees,27,Others,-,,1105,Collection of service and business income,-,  ,
Certification - UPRHS,9300321,164,Revolving Fund,LB03044001,UPLB UP Rural High School,-,,40202990,Other Business Income,G099,Others,40202990,Other Business Income,7,Others,-,,1105,Collection of service and business income,-,  ,
Certification CA,9300221 college of Agriculture / College of Agriculture and Food Science,164,Revolving Fund,LB02012001,UPLB College of Agriculture and Food Science,-,,40202010,School Fees,G099,Other School Fees,40202010,School Fees,27,Others,-,,1105,Collection of service and business income,-,  ,
Certification of Good Moral Character - OSA,9305911,164,Revolving Fund,LB03008001,UPLB Office of the Student Affairs,-,,40202010,School Fees,G099,Other School Fees,40202010,School Fees,27,Others,-,,1105,Collection of service and business income,-,  ,
Certifications,9304811,164,Revolving Fund,LB03006001,UPLB Office of the University Registrar,-,,40202010,School Fees,G099,Other School Fees,40202010,School Fees,27,Others,-,,1105,Collection of service and business income,-,  ,
Certifications - CAFS,9300221 college of Agriculture / College of Agriculture and Food Science,164,Revolving Fund,LB02012001,UPLB College of Agriculture and Food Science,-,,40202010,School Fees,G099,Other School Fees,40202010,School Fees,27,Others,-,,1105,Collection of service and business income,-,  ,
Certifications - CAS,9300523,164,Revolving Fund,LB02013001,UPLB College of Arts and Sciences,-,,40202010,School Fees,G099,Other School Fees,40202010,School Fees,27,Others,-,,1105,Collection of service and business income,-,  ,
Certifications - CDC,9303420,164,Revolving Fund,LB02014001,UPLB College of Development Communication,-,,40202010,School Fees,G099,Other School Fees,40202010,School Fees,27,Others,-,,1105,Collection of service and business income,-,  ,
Certifications - CEAT,9301032,164,Revolving Fund,LB02015001,UPLB College of Engineering and Agro-Industrial Technology,-,,40202010,School Fees,G099,Other School Fees,40202010,School Fees,27,Others,-,,1105,Collection of service and business income,-,  ,
Certifications - CEM,9300830,164,Revolving Fund,LB02016001,UPLB College of Economics and Management,-,,40202010,School Fees,G099,Other School Fees,40202010,School Fees,27,Others,-,,1105,Collection of service and business income,-,  ,
Certifications - CFNR,9300422,164,Revolving Fund,LB02017001,UPLB College of Forestry and Natural Resources,-,,40202010,School Fees,G099,Other School Fees,40202010,School Fees,27,Others,-,,1105,Collection of service and business income,-,  ,
Certifications - CHE,9308631,164,Revolving Fund,LB02018001,UPLB College of Human Ecology,-,,40202010,School Fees,G099,Other School Fees,40202010,School Fees,27,Others,-,,1105,Collection of service and business income,-,  ,
Certifications - CPAF,9321910,164,Revolving Fund,LB02019001,UPLB College of Public Affairs,-,,40202010,School Fees,G099,Other School Fees,40202010,School Fees,27,Others,-,,1105,Collection of service and business income,-,  ,
Certifications - CVM,9318328,164,Revolving Fund,LB02020001,UPLB College of Veterinary Medicine,-,,40202010,School Fees,G099,Other School Fees,40202010,School Fees,27,Others,-,,1105,Collection of service and business income,-,  ,
Certifications - NPC,9301911,164,Revolving Fund,LB03004001,UPLB Records Management Office,-,,40202990,Other Business Income,G099,Others,40202990,Other Business Income,5,Certificates,-,,1105,Collection of service and business income,-,  ,
Certifications - SESAM,9311423,164,Revolving Fund,LB02022001,UPLB School of Environmental Science and Management,-,,40202010,School Fees,G099,Other School Fees,40202010,School Fees,27,Others,-,,1105,Collection of service and business income,-,  ,
Change of Major Field,9300725,164,Revolving Fund,LB02021001,UPLB Graduate School,-,,40202010,School Fees,G099,Other School Fees,40202010,School Fees,27,Others,-,,1105,Collection of service and business income,-,  ,
Child Development Laboratory (CDL) Fees,9300931,164,Revolving Fund,LB03074001,UPLB Human & Family Development Studies,-,,40202990,Other Business Income,G099,Others,40202990,Other Business Income,7,Others,-,,1105,Collection of service and business income,-,  ,
Clearance Fee,if college cannot be identified,164,Revolving Fund,-,,-,,40202010,School Fees,G099,Other School Fees,40202010,School Fees,27,Others,-,,1105,Collection of service and business income,-,  ,
Clearance Fee - CAFS,9300221 college of Agriculture / College of Agriculture and Food Science,164,Revolving Fund,LB02012001,UPLB College of Agriculture and Food Science,-,,40202010,School Fees,G099,Other School Fees,40202010,School Fees,27,Others,-,,1105,Collection of service and business income,-,  ,
Clearance Fee - CAS,9300523,164,Revolving Fund,LB02013001,UPLB College of Arts and Sciences,-,,40202010,School Fees,G099,Other School Fees,40202010,School Fees,27,Others,-,,1105,Collection of service and business income,-,  ,
Clearance Fee - CDC,9303420,164,Revolving Fund,LB02014001,UPLB College of Development Communication,-,,40202010,School Fees,G099,Other School Fees,40202010,School Fees,27,Others,-,,1105,Collection of service and business income,-,  ,
Clearance Fee - CEAT,9301032,164,Revolving Fund,LB02015001,UPLB College of Engineering and Agro-Industrial Technology,-,,40202010,School Fees,G099,Other School Fees,40202010,School Fees,27,Others,-,,1105,Collection of service and business income,-,  ,
Clearance Fee - CEM,9300830,164,Revolving Fund,LB02016001,UPLB College of Economics and Management,-,,40202010,School Fees,G099,Other School Fees,40202010,School Fees,27,Others,-,,1105,Collection of service and business income,-,  ,
Clearance Fee - CFNR,9300422,164,Revolving Fund,LB02017001,UPLB College of Forestry and Natural Resources,-,,40202010,School Fees,G099,Other School Fees,40202010,School Fees,27,Others,-,,1105,Collection of service and business income,-,  ,
Clearance Fee - CHE,9308631,164,Revolving Fund,LB02018001,UPLB College of Human Ecology,-,,40202010,School Fees,G099,Other School Fees,40202010,School Fees,27,Others,-,,1105,Collection of service and business income,-,  ,
Clearance Fee - CPAf,9321910,164,Revolving Fund,LB02019001,UPLB College of Public Affairs,-,,40202010,School Fees,G099,Other School Fees,40202010,School Fees,27,Others,-,,1105,Collection of service and business income,-,  ,
Clearance Fee - CVM,9318328,164,Revolving Fund,LB02020001,UPLB College of Veterinary Medicine,-,,40202010,School Fees,G099,Other School Fees,40202010,School Fees,27,Others,-,,1105,Collection of service and business income,-,  ,
Clearance Fee - GS,9300725,164,Revolving Fund,LB02021001,UPLB Graduate School,-,,40202010,School Fees,G099,Other School Fees,40202010,School Fees,27,Others,-,,1105,Collection of service and business income,-,  ,
Clearance Fee - SESAM,9311423,164,Revolving Fund,LB02022001,UPLB School of Environmental Science and Management,-,,40202010,School Fees,G099,Other School Fees,40202010,School Fees,27,Others,-,,1105,Collection of service and business income,-,  ,
Coaster maintenance,9309810,164,Revolving Fund,-,,-,,40202990,Other Business Income,-,,40202990,Other Business Income,G099,Other Business Income,C0000912,UPLB 9309810 - RF Executive House and Guest House,1105,Collection of service and business income,-,  ,
Completion Form - CAFS,9300221 college of Agriculture / College of Agriculture and Food Science,164,Revolving Fund,LB02012001,UPLB College of Agriculture and Food Science,-,,40202010,School Fees,G002,Income Collection from Students,40202010,School Fees,27,Others,-,,1105,Collection of service and business income,-,  ,
Completion Form - CAS,9300523,164,Revolving Fund,LB02013001,UPLB College of Arts and Sciences,-,,40202010,School Fees,G002,Income Collection from Students,40202010,School Fees,27,Others,-,,1105,Collection of service and business income,-,  ,
Completion Form - CDC,9303420,164,Revolving Fund,LB02014001,UPLB College of Development Communication,-,,40202010,School Fees,G002,Income Collection from Students,40202010,School Fees,27,Others,-,,1105,Collection of service and business income,-,  ,
Completion Form - CEAT,9301032,164,Revolving Fund,LB02015001,UPLB College of Engineering and Agro-Industrial Technology,-,,40202010,School Fees,G002,Income Collection from Students,40202010,School Fees,27,Others,-,,1105,Collection of service and business income,-,  ,
Completion Form - CEM,9300830,164,Revolving Fund,LB02016001,UPLB College of Economics and Management,-,,40202010,School Fees,G002,Income Collection from Students,40202010,School Fees,27,Others,-,,1105,Collection of service and business income,-,  ,
Completion Form - CFNR,9300422,164,Revolving Fund,LB02017001,UPLB College of Forestry and Natural Resources,-,,40202010,School Fees,G002,Income Collection from Students,40202010,School Fees,27,Others,-,,1105,Collection of service and business income,-,  ,
Completion Form - CHE,9308631,164,Revolving Fund,LB02018001,UPLB College of Human Ecology,-,,40202010,School Fees,G002,Income Collection from Students,40202010,School Fees,27,Others,-,,1105,Collection of service and business income,-,  ,
Completion Form - CPAf,9321910,164,Revolving Fund,LB02019001,UPLB College of Public Affairs,-,,40202010,School Fees,G002,Income Collection from Students,40202010,School Fees,27,Others,-,,1105,Collection of service and business income,-,  ,
Completion Form - CVM,9318328,164,Revolving Fund,LB02020001,UPLB College of Veterinary Medicine,-,,40202010,School Fees,G002,Income Collection from Students,40202010,School Fees,27,Others,-,,1105,Collection of service and business income,-,  ,
Completion Form - GS,9300725,164,Revolving Fund,LB02021001,UPLB Graduate School,-,,40202010,School Fees,G002,Income Collection from Students,40202010,School Fees,27,Others,-,,1105,Collection of service and business income,-,  ,
Completion Form - SESAM,9311423,164,Revolving Fund,LB02022001,UPLB School of Environmental Science and Management,-,,40202010,School Fees,G002,Income Collection from Students,40202010,School Fees,27,Others,-,,1105,Collection of service and business income,-,  ,
Computer Laboratory Rental,9322911,164,Revolving Fund,LB03012001,UPLB Interactive Learning Center,-,,40202990,Other Business Income,G099,Others,40202990,Other Business Income,7,Others,-,,1105,Collection of service and business income,-,  ,
Computer Loan Program,0615-10301999000-003,164,Revolving Fund,-,,-,,10301990,Loans Receivable - Others,2,Computer loans,10301990,Loans Receivable - Others,2,Computer loans,-,,2113,Collection of Long-term Loans,-,  ,
Computer Print Out,9315291,164,Revolving Fund,LB03070001,UPLB Training Center for Tropical Resources and Ecosystems Sustainability,-,,40202990,Other Business Income,G099,Others,40202990,Other Business Income,7,Others,-,,1105,Collection of service and business income,-,  ,
Computer Print Out - CEAT Library,9301032,164,Revolving Fund,LB02015001,UPLB College of Engineering and Agro-Industrial Technology,-,,40202990,Other Business Income,G099,Others,40202990,Other Business Income,6,Printing,-,,1105,Collection of service and business income,-,  ,
Copy of GE Plan,9301032,164,Revolving Fund,LB02015001,UPLB College of Engineering and Agro-Industrial Technology,-,,40202990,Other Business Income,G099,Others,40202990,Other Business Income,7,Others,-,,1105,Collection of service and business income,-,  ,
Copy of GE Plan - CEM,9300830,164,Revolving Fund,LB02016001,UPLB College of Economics and Management,-,,40202990,Other Business Income,G099,Others,40202990,Other Business Income,7,Others,-,,1105,Collection of service and business income,-,  ,
Cow Manure - DTRI,9304126,164,Revolving Fund,LB04005001,UPLB Dairy Training and Research Institute,-,,40202990,Other Business Income,G099,Others,40202990,Other Business Income,7,Others,-,,1105,Collection of service and business income,-,  ,
CVM Book fine,9318328,164,Revolving Fund,LB02020001,UPLB College of Veterinary Medicine,-,,40202990,Other Business Income,G099,Others,40202990,Other Business Income,7,Others,-,,1105,Collection of service and business income,-,  ,
CVM Library Computer Services,9318328,164,Revolving Fund,LB02020001,UPLB College of Veterinary Medicine,-,,40202990,Other Business Income,G099,Others,40202990,Other Business Income,7,Others,-,,1105,Collection of service and business income,-,  ,
CVM Library Fees,9318328,164,Revolving Fund,LB02020001,UPLB College of Veterinary Medicine,-,,40202990,Other Business Income,G099,Others,40202990,Other Business Income,7,Others,-,,1105,Collection of service and business income,-,  ,
Deferment Fee,9300725,164,Revolving Fund,LB02021001,UPLB Graduate School,-,,40202010,School Fees,G099,Other School Fees,40202010,School Fees,27,Others,-,,1105,Collection of service and business income,-,  ,
Diploma - UPRHS,9300321,164,Revolving Fund,LB03044001,UPLB UP Rural High School,-,,40202990,Other Business Income,G099,Others,40202990,Other Business Income,7,Others,-,,1105,Collection of service and business income,-,  ,
Disposal Of Unservicable Motor Vehicle,9305012,164,Revolving Fund,LB02007001,UPLB Office of the Vice Chancellor for Administration,-,,40202990,Other Business Income,G099,Others,40202990,Other Business Income,7,Others,-,,1105,Collection of service and business income,-,  ,
Donation - MNH,9307833,164,Revolving Fund,LB03024001,UPLB Museum of Natural History,-,,40202990,Other Business Income,G099,Others,40202990,Other Business Income,7,Others,-,,1105,Collection of service and business income,-,  ,
Dormitory Rental - La Granja,,164,Revolving Fund,LB03034001,UPLB La Granja Research and Training Station,-,,40202130,Income from Hostels/Dormitories and Other Like Facilities,-,,40202130,Income from Hostels/Dormitories and Other Like Facilities,-,,-,,1105,Collection of service and business income,-,  ,
Dropping Fee,if college cannot be identified,164,Revolving Fund,-,,-,,40202010,School Fees,G002,Income Collection from Students,40202010,School Fees,27,Others,-,,1105,Collection of service and business income,-,  ,
Dropping Fee - CAFS,9300221 college of Agriculture / College of Agriculture and Food Science,164,Revolving Fund,LB02012001,UPLB College of Agriculture and Food Science,-,,40202010,School Fees,G002,Income Collection from Students,40202010,School Fees,27,Others,-,,1105,Collection of service and business income,-,  ,
Dropping Fee - CAS,9300523,164,Revolving Fund,LB02013001,UPLB College of Arts and Sciences,-,,40202010,School Fees,G002,Income Collection from Students,40202010,School Fees,27,Others,-,,1105,Collection of service and business income,-,  ,
Dropping Fee - CDC,9303420,164,Revolving Fund,LB02014001,UPLB College of Development Communication,-,,40202010,School Fees,G002,Income Collection from Students,40202010,School Fees,27,Others,-,,1105,Collection of service and business income,-,  ,
Dropping Fee - CEAT,9301032,164,Revolving Fund,LB02015001,UPLB College of Engineering and Agro-Industrial Technology,-,,40202010,School Fees,G002,Income Collection from Students,40202010,School Fees,27,Others,-,,1105,Collection of service and business income,-,  ,
Dropping Fee - CEM,9300830,164,Revolving Fund,LB02016001,UPLB College of Economics and Management,-,,40202010,School Fees,G002,Income Collection from Students,40202010,School Fees,27,Others,-,,1105,Collection of service and business income,-,  ,
Dropping Fee - CFNR,9300422,164,Revolving Fund,LB02017001,UPLB College of Forestry and Natural Resources,-,,40202010,School Fees,G002,Income Collection from Students,40202010,School Fees,27,Others,-,,1105,Collection of service and business income,-,  ,
Dropping Fee - CHE,9308631,164,Revolving Fund,LB02018001,UPLB College of Human Ecology,-,,40202010,School Fees,G002,Income Collection from Students,40202010,School Fees,27,Others,-,,1105,Collection of service and business income,-,  ,
Dropping Fee - CPAF,9321910,164,Revolving Fund,LB02019001,UPLB College of Public Affairs,-,,40202010,School Fees,G002,Income Collection from Students,40202010,School Fees,27,Others,-,,1105,Collection of service and business income,-,  ,
Dropping Fee - CVM,9318328,164,Revolving Fund,LB02020001,UPLB College of Veterinary Medicine,-,,40202010,School Fees,G002,Income Collection from Students,40202010,School Fees,27,Others,-,,1105,Collection of service and business income,-,  ,
Dropping Fee - GS,9300725,164,Revolving Fund,LB02021001,UPLB Graduate School,-,,40202010,School Fees,G002,Income Collection from Students,40202010,School Fees,27,Others,-,,1105,Collection of service and business income,-,  ,
Dropping Fee - SESAM,9311423,164,Revolving Fund,LB02022001,UPLB School of Environmental Science and Management,-,,40202010,School Fees,G002,Income Collection from Students,40202010,School Fees,27,Others,-,,1105,Collection of service and business income,-,  ,
Duplicate Diploma,9310800,164,Revolving Fund,-,,-,,40202010,School Fees,G099,Other School Fees,40202010,School Fees,27,Others,C0000861,UPLB 9310800 - COMMENCEMENT FUND  - REVOLVING FUND,1105,Collection of service and business income,-,  ,
Electric consumption - SSG,9302612,164,Revolving Fund,LB03019001,UPLB University Planning & Maintenance Office,-,,40202990,Other Business Income,G099,Other Business Income,40202990,Other Business Income,G099,Other Business Income,-,,1105,Collection of service and business income,-,  ,
Electric Power Consumption - RF,9307010,164,Revolving Fund,-,,-,,40202990,Other Business Income,G099,Other Business Income,40202990,Other Business Income,G099,Other Business Income,C0000838,UPLB 9307010 - Electric Power Consumption RF,1105,Collection of service and business income,-,  ,
Electricity,0501-2040101000-003,164,Revolving Fund,LB03019001,UPLB University Planning & Maintenance Office,-,,20401010,Trust Liabilities,-,,20401010,Trust Liabilities,-,,-,,1126,Collection of other trust receipts,-,  ,
English Diploma,9304811,164,Revolving Fund,LB03006001,UPLB Office of the University Registrar,-,,40202010,School Fees,G099,Other School Fees,40202010,School Fees,27,Others,-,,1105,Collection of service and business income,-,  ,
Entrance Fee,9304811,164,Revolving Fund,LB03006001,UPLB Office of the University Registrar,-,,40202010,School Fees,G002,Income Collection from Students,40202010,School Fees,15,Entrance Fee,-,,1105,Collection of service and business income,-,  ,
Entrance fee - Landgrant,,164,Revolving Fund,LB03016001,UPLB Land Grant Management Office,-,,40202990,Other Business Income,G099,Other Business Income,40202990,Other Business Income,G099,Other Business Income,-,,1105,Collection of service and business income,-,  ,
Entrance Fee - Makiling Botanic Gardens,9311222,164,Revolving Fund,LB03068001,UPLB Makiling Center for Mountain Ecosystems,-,,40202990,Other Business Income,G099,Others,40202990,Other Business Income,7,Others,-,,1105,Collection of service and business income,-,  ,
Entrance Fee - MNH,9307833,164,Revolving Fund,LB03024001,UPLB Museum of Natural History,-,,40202990,Other Business Income,G099,Others,40202990,Other Business Income,7,Others,-,,1105,Collection of service and business income,-,  ,
Entrance Fee - Mt. Makiling Forest Reserve,9311222,164,Revolving Fund,LB03068001,UPLB Makiling Center for Mountain Ecosystems,-,,40202990,Other Business Income,G099,Others,40202990,Other Business Income,7,Others,-,,1105,Collection of service and business income,-,  ,
Entrance Fee - UPRHS,9300321,164,Revolving Fund,LB03044001,UPLB UP Rural High School,-,,40202010,School Fees,G002,Income Collection from Students,40202010,School Fees,15,Entrance Fee,-,,1105,Collection of service and business income,-,  ,
Fab Lab -9370132,9370132,164,Revolving Fund,LB02015001,UPLB College of Engineering and Agro-Industrial Technology,-,,40202990,Other Business Income,G099,Other Business Income,40202990,Other Business Income,6,Printing,-,,1105,Collection of service and business income,-,  ,
Fabrication of Wooden Signages,9300422,164,Revolving Fund,LB03063001,UPLB Department of Forest Product and Paper Science,-,,40202990,Other Business Income,G099,Other Business Income,40202990,Other Business Income,G099,Other Business Income,-,,1105,Collection of service and business income,-,  ,
Fax Messages and Calls - CEC,9302011,164,Revolving Fund,LB03018001,UPLB Continuing Education Center,-,,40202990,Other Business Income,G099,Others,40202990,Other Business Income,7,Others,-,,1105,Collection of service and business income,-,  ,
Fines and Lost Books,9304611,164,Revolving Fund,LB03007001,UPLB University Library,-,,40202990,Other Business Income,G099,Others,40202990,Other Business Income,7,Others,-,,1105,Collection of service and business income,-,  ,
Fines and Lost Books - CEAT Library,9301032,164,Revolving Fund,LB02015001,UPLB College of Engineering and Agro-Industrial Technology,-,,40202990,Other Business Income,G099,Others,40202990,Other Business Income,7,Others,-,,1105,Collection of service and business income,-,  ,
Fines and Lost Books - CFNR Library,9300422,164,Revolving Fund,LB02017001,UPLB College of Forestry and Natural Resources,-,,40202990,Other Business Income,G099,Others,40202990,Other Business Income,7,Others,-,,1105,Collection of service and business income,-,  ,
Food/catering services - Landgrant,,164,Revolving Fund,LB03016001,UPLB Land Grant Management Office,-,,40202990,Other Business Income,G099,Other Business Income,40202990,Other Business Income,G099,Other Business Income,-,,1105,Collection of service and business income,-,  ,
Form 26 - Change of Matriculation,9304811,164,Revolving Fund,LB03006001,UPLB Office of the University Registrar,-,,40202010,School Fees,G002,Income Collection from Students,40202010,School Fees,27,Others,-,,1105,Collection of service and business income,-,  ,
Form 5 - Tuition,9304811,164,Revolving Fund,LB03006001,UPLB Office of the University Registrar,-,,40202010,School Fees,G002,Income Collection from Students,40202010,School Fees,27,Others,-,,1105,Collection of service and business income,-,  ,
Freeze dryer use,9303521,164,Revolving Fund,LB04012001,UPLB Institute of Food Science and Technology,-,,40202050,Rent/Lease Income,-,,40202050,Rent/Lease Income,-,,-,,1105,Collection of service and business income,-,  ,
Garbage Fee,0469-2040101000-003,164,Revolving Fund,LB03019001,UPLB University Planning & Maintenance Office,-,,20401010,Trust Liabilities,-,,20401010,Trust Liabilities,-,,-,,1126,Collection of other trust receipts,-,  ,
Glass Blowing - Chem,,164,Revolving Fund,LB03040001,UPLB Institute of Chemistry,-,,40202990,Other Business Income,G099,Others,40202990,Other Business Income,7,Others,-,,1105,Collection of service and business income,-,  ,
Graduation Fees,9310800,164,Revolving Fund,-,,-,,40202010,School Fees,G099,Other School Fees,40202010,School Fees,26,Graduation Fees,C0000861,UPLB 9310800 - COMMENCEMENT FUND  - REVOLVING FUND,1105,Collection of service and business income,-,  ,
Graduation Fees - UPHRS,9300321,164,Revolving Fund,LB03044001,UPLB UP Rural High School,-,,40202010,School Fees,G099,Other School Fees,40202010,School Fees,26,Graduation Fees,-,,1105,Collection of service and business income,-,  ,
Guest House Rental - La Granja,,164,Revolving Fund,LB03034001,UPLB La Granja Research and Training Station,-,,40202050,Rent/Lease Income,-,,40202050,Rent/Lease Income,-,,-,,1105,Collection of service and business income,-,  ,
Hospital Bills - CVM,9317228,164,Revolving Fund,LB03083001,UPLB College of Veterinary Medicine,-,,40202170,Hospital Fees,-,,40202170,Hospital Fees,-,,-,,1105,Collection of service and business income,-,  ,
Hospital Fees - CVM Diliman,9317228,164,Revolving Fund,LB03083001,UPLB College of Veterinary Medicine,-,,40202170,Hospital Fees,-,,40202170,Hospital Fees,-,,-,,1105,Collection of service and business income,-,  ,
Hospital Fees (CVM)-Drugs and Medicines,9317228,164,Revolving Fund,LB03083001,UPLB Veterinary Teaching Hospital,-,,40202170,Hospital Fees,G001,Drugs and Medicines,40202170,Hospital Fees,-,,-,,1105,Collection of service and business income,-,  ,
Hospital Fees (CVM)-Medical Fees-Cardio-Vascular,9317228,164,Revolving Fund,LB03083001,UPLB Veterinary Teaching Hospital,-,,40202170,Hospital Fees,G007,Medical Fees - Cardio-Vascular Services,40202170,Hospital Fees,-,,-,,1105,Collection of service and business income,-,  ,
Hospital Fees (CVM)-Medical Fees-Hemodialysis,9317228,164,Revolving Fund,LB03083001,UPLB Veterinary Teaching Hospital,-,,40202170,Hospital Fees,G006,Medical Fees - Hemodialysis,40202170,Hospital Fees,-,,-,,1105,Collection of service and business income,-,  ,
Hospital Fees (CVM)-Medical Fees-Laboratory,9317228,164,Revolving Fund,LB03083001,UPLB Veterinary Teaching Hospital,-,,40202170,Hospital Fees,G005,Medical Fees - Laboratory,40202170,Hospital Fees,-,,-,,1105,Collection of service and business income,-,  ,
Hospital Fees (CVM)-Medical Fees-Neurology Service,9317228,164,Revolving Fund,LB03083001,UPLB Veterinary Teaching Hospital,-,,40202170,Hospital Fees,G011,Medical Fees - Neurology Services,40202170,Hospital Fees,-,,-,,1105,Collection of service and business income,-,  ,
Hospital Fees (CVM)-Medical Fees-Nuclear Medicine,9317228,164,Revolving Fund,LB03083001,UPLB Veterinary Teaching Hospital,-,,40202170,Hospital Fees,G008,Medical Fees - Nuclear Medicine Services,40202170,Hospital Fees,-,,-,,1105,Collection of service and business income,-,  ,
Hospital Fees (CVM)-Medical Fees-Operating Room,9317228,164,Revolving Fund,LB03083001,UPLB Veterinary Teaching Hospital,-,,40202170,Hospital Fees,G003,Medical Fees - Operating Room,40202170,Hospital Fees,-,,-,,1105,Collection of service and business income,-,  ,
Hospital Fees (CVM)-Medical Fees-Pulmonary Service,9317228,164,Revolving Fund,LB03083001,UPLB Veterinary Teaching Hospital,-,,40202170,Hospital Fees,G010,Medical Fees - Pulmonary Services,40202170,Hospital Fees,-,,-,,1105,Collection of service and business income,-,  ,
Hospital Fees (CVM)-Medical Fees-Radiology,9317228,164,Revolving Fund,LB03083001,UPLB Veterinary Teaching Hospital,-,,40202170,Hospital Fees,G004,Medical Fees - Radiology,40202170,Hospital Fees,-,,-,,1105,Collection of service and business income,-,  ,
Hospital Fees (CVM)-Medical Supplies,9317228,164,Revolving Fund,LB03083001,UPLB Veterinary Teaching Hospital,-,,40202170,Hospital Fees,G002,Medical Supplies,40202170,Hospital Fees,-,,-,,1105,Collection of service and business income,-,  ,
Hospital Fees (CVM)-Other Fees,9317228,164,Revolving Fund,LB03083001,UPLB Veterinary Teaching Hospital,-,,40202170,Hospital Fees,G099,Others,40202170,Hospital Fees,-,,-,,1105,Collection of service and business income,-,  ,
Hostel accomodation - ALUMNI,9321010 Rental fee,164,Revolving Fund,LB02006001,UPLB Office of the Alumni Affairs,-,,40202130,Income from Hostels/Dormitories and Other Like Facilities,-,,40202130,Income from Hostels/Dormitories and Other Like Facilities,-,,-,,1105,Collection of service and business income,-,  ,
ID - Employees,9306212,164,Revolving Fund,LB03003001,UPLB Human Resource Development Office,-,,40202990,Other Business Income,G099,Others,40202990,Other Business Income,7,Others,-,,1105,Collection of service and business income,-,  ,
ID - PUJ Drivers,9314507,164,Revolving Fund,LB02009001,UPLB Office of the Vice Chancellor for Community Affairs,-,,40202990,Other Business Income,G099,Others,40202990,Other Business Income,7,Others,-,,1105,Collection of service and business income,-,  ,
ID - Students,9304811,164,Revolving Fund,LB03006001,UPLB Office of the University Registrar,-,,40202010,School Fees,G099,Other School Fees,40202010,School Fees,13,ID Card Fee,-,,1105,Collection of service and business income,-,  ,
Identification - MNH,9307833,164,Revolving Fund,LB03024001,UPLB Museum of Natural History,-,,40202990,Other Business Income,G099,Others,40202990,Other Business Income,7,Others,-,,1105,Collection of service and business income,-,  ,
Income from BSRU,,164,Revolving Fund,LB03008001,UPLB Office of the Student Affairs,-,,40202990,Other Business Income,G099,Others,40202990,Other Business Income,7,Others,-,,1105,Collection of service and business income,-,  ,
Income from La Granja Land Grant,,164,Revolving Fund,LB03034001,UPLB La Granja Research and Training Station,-,,40202990,Other Business Income,G099,Others,40202990,Other Business Income,7,Others,-,,1105,Collection of service and business income,-,  ,
Income from UHS,9304312,164,Revolving Fund,LB03013001,UPLB University Health Service,-,,40202170,Hospital Fees,-,,40202170,Hospital Fees,-,,-,,1105,Collection of service and business income,-,  ,
Interest Earned From Time Deposit (164),9316410,164,Revolving Fund,-,,-,,40202210,Interest Income,-,,40202210,Interest Income,-,,-,,1106,Collection of other income,-,  ,
Laboratory Analysis - DTRI,9304126,164,Revolving Fund,LB04005001,UPLB Dairy Training and Research Institute,-,,40202990,Other Business Income,G099,Others,40202990,Other Business Income,7,Others,-,,1105,Collection of service and business income,-,  ,
Land Rental - BAO,9316511,164,Revolving Fund,LB03017001,UPLB Business Affairs Office,-,,40202050,Rent/Lease Income,-,,40202050,Rent/Lease Income,-,,-,,1105,Collection of service and business income,-,  ,
Lawn Tennis - DHK,9315411,164,Revolving Fund,LB03036001,UPLB Department of Human Kinetics,-,,40202050,Rent/Lease Income,-,,40202050,Rent/Lease Income,-,,-,,1105,Collection of service and business income,-,  ,
LCD Rental,,164,Revolving Fund,LB03012001,UPLB Interactive Learning Center,-,,40202990,Other Business Income,G099,Others,40202990,Other Business Income,7,Others,-,,1105,Collection of service and business income,-,  ,
Library Fines - UPRHS,9300321,164,Revolving Fund,LB03044001,UPLB UP Rural High School,-,,40202990,Other Business Income,G099,Others,40202990,Other Business Income,7,Others,-,,1105,Collection of service and business income,-,  ,
LOA Fee,if college cannot be identified,164,Revolving Fund,-,,-,,40202010,School Fees,G002,Income Collection from Students,40202010,School Fees,27,Others,-,,1105,Collection of service and business income,-,  ,
LOA Fee - CAFS,9300221 college of Agriculture / College of Agriculture and Food Science,164,Revolving Fund,LB02012001,UPLB College of Agriculture and Food Science,-,,40202010,School Fees,G002,Income Collection from Students,40202010,School Fees,27,Others,-,,1105,Collection of service and business income,-,  ,
LOA Fee - CAS,9300523,164,Revolving Fund,LB02013001,UPLB College of Arts and Sciences,-,,40202010,School Fees,G002,Income Collection from Students,40202010,School Fees,27,Others,-,,1105,Collection of service and business income,-,  ,
LOA Fee - CDC,9303420,164,Revolving Fund,LB02014001,UPLB College of Development Communication,-,,40202010,School Fees,G002,Income Collection from Students,40202010,School Fees,27,Others,-,,1105,Collection of service and business income,-,  ,
LOA Fee - CEAT,9301032,164,Revolving Fund,LB02015001,UPLB College of Engineering and Agro-Industrial Technology,-,,40202010,School Fees,G002,Income Collection from Students,40202010,School Fees,27,Others,-,,1105,Collection of service and business income,-,  ,
LOA Fee - CEM,9300830,164,Revolving Fund,LB02016001,UPLB College of Economics and Management,-,,40202010,School Fees,G002,Income Collection from Students,40202010,School Fees,27,Others,-,,1105,Collection of service and business income,-,  ,
LOA Fee - CFNR,9300422,164,Revolving Fund,LB02017001,UPLB College of Forestry and Natural Resources,-,,40202010,School Fees,G002,Income Collection from Students,40202010,School Fees,27,Others,-,,1105,Collection of service and business income,-,  ,
LOA Fee - CHE,9308631,164,Revolving Fund,LB02018001,UPLB College of Human Ecology,-,,40202010,School Fees,G002,Income Collection from Students,40202010,School Fees,27,Others,-,,1105,Collection of service and business income,-,  ,
LOA Fee - CPAF,9321910,164,Revolving Fund,LB02019001,UPLB College of Public Affairs,-,,40202010,School Fees,G002,Income Collection from Students,40202010,School Fees,27,Others,-,,1105,Collection of service and business income,-,  ,
LOA Fee - CVM,9318328,164,Revolving Fund,LB02020001,UPLB College of Veterinary Medicine,-,,40202010,School Fees,G002,Income Collection from Students,40202010,School Fees,27,Others,-,,1105,Collection of service and business income,-,  ,
LOA Fee - GS,9300725,164,Revolving Fund,LB02021001,UPLB Graduate School,-,,40202010,School Fees,G002,Income Collection from Students,40202010,School Fees,27,Others,-,,1105,Collection of service and business income,-,  ,
LOA Fee - SESAM,9311423,164,Revolving Fund,LB02022001,UPLB School of Environmental Science and Management,-,,40202010,School Fees,G002,Income Collection from Students,40202010,School Fees,27,Others,-,,1105,Collection of service and business income,-,  ,
Local guide - Landgrant,9319912,164,Revolving Fund,LB03016001,UPLB Land Grant Management Office,-,,40202990,Other Business Income,G099,Other Business Income,40202990,Other Business Income,G099,Other Business Income,-,,1105,Collection of service and business income,-,  ,
Lost Official Receipts,9306412,164,Revolving Fund,LB03002001,UPLB Cashier's Office,-,,40202990,Other Business Income,G099,Others,40202990,Other Business Income,7,Others,-,,1105,Collection of service and business income,-,  ,
Matriculation Fee - CAFS,9300221 college of Agriculture / College of Agriculture and Food Science,164,Revolving Fund,LB02012001,UPLB College of Agriculture and Food Science,-,,40202010,School Fees,G001,Tuition Fees,40202010,School Fees,17,Tuition Fee,-,,1105,Collection of service and business income,-,  ,
Matriculation Fee - CAS,9300523,164,Revolving Fund,LB02013001,UPLB College of Arts and Sciences,-,,40202010,School Fees,G001,Tuition Fees,40202010,School Fees,17,Tuition Fee,-,,1105,Collection of service and business income,-,  ,
Matriculation Fee - CDC,9303420,164,Revolving Fund,LB02014001,UPLB College of Development Communication,-,,40202010,School Fees,G001,Tuition Fees,40202010,School Fees,17,Tuition Fee,-,,1105,Collection of service and business income,-,  ,
Matriculation Fee - CEAT,9301032,164,Revolving Fund,LB02015001,UPLB College of Engineering and Agro-Industrial Technology,-,,40202010,School Fees,G001,Tuition Fees,40202010,School Fees,17,Tuition Fee,-,,1105,Collection of service and business income,-,  ,
Matriculation Fee - CEM,9300830,164,Revolving Fund,LB02016001,UPLB College of Economics and Management,-,,40202010,School Fees,G001,Tuition Fees,40202010,School Fees,17,Tuition Fee,-,,1105,Collection of service and business income,-,  ,
Matriculation Fee - CFNR,9300422,164,Revolving Fund,LB02017001,UPLB College of Forestry and Natural Resources,-,,40202010,School Fees,G001,Tuition Fees,40202010,School Fees,17,Tuition Fee,-,,1105,Collection of service and business income,-,  ,
Matriculation Fee - CHE,9308631,164,Revolving Fund,LB02018001,UPLB College of Human Ecology,-,,40202010,School Fees,G001,Tuition Fees,40202010,School Fees,17,Tuition Fee,-,,1105,Collection of service and business income,-,  ,
Matriculation Fee - CPAF,9321910,164,Revolving Fund,LB02019001,UPLB College of Public Affairs,-,,40202010,School Fees,G001,Tuition Fees,40202010,School Fees,17,Tuition Fee,-,,1105,Collection of service and business income,-,  ,
Matriculation Fee - CVM,9318328,164,Revolving Fund,LB02020001,UPLB College of Veterinary Medicine,-,,40202010,School Fees,G001,Tuition Fees,40202010,School Fees,17,Tuition Fee,-,,1105,Collection of service and business income,-,  ,
Matriculation Fee - GS,9300725,164,Revolving Fund,LB02021001,UPLB Graduate School,-,,40202010,School Fees,G001,Tuition Fees,40202010,School Fees,17,Tuition Fee,-,,1105,Collection of service and business income,-,  ,
Matriculation Fee - SESAM,9311423,164,Revolving Fund,LB02022001,UPLB School of Environmental Science and Management,-,,40202010,School Fees,G001,Tuition Fees,40202010,School Fees,17,Tuition Fee,-,,1105,Collection of service and business income,-,  ,
Medical Fees - ER Services,,164,Revolving Fund,LB03013001,UPLB University Health Service,-,,40202170,Hospital Fees,G002,Medical Supplies,40202170,Hospital Fees,-,,-,,1105,Collection of service and business income,-,  ,
Miscellaneous School Services - CFNR,9315291,164,Revolving Fund,LB03070001,UPLB Training Center for Tropical Resources and Ecosystems Sustainability,-,,40202990,Other Business Income,G099,Others,40202990,Other Business Income,7,Others,-,,1105,Collection of service and business income,-,  ,
Mobilization/Fuel deposit,9302612,164,Revolving Fund,LB03019001,UPLB University Planning & Maintenance Office,-,,40202990,Other Business Income,G099,Other Business Income,40202990,Other Business Income,G099,Other Business Income,-,,1105,Collection of service and business income,-,  ,
NCPC Dormitory Fee,9313021,164,Revolving Fund,LB04006001,UPLB National Crop Protection Center (NCPC),-,,40202130,Rent/Lease Income,-,,40202050,Rent/Lease Income,-,,C0000864,UPLB 9313021 - NCPC Dorm,1105,Collection of service and business income,-,  ,
Official Transcript of Records,9304811,164,Revolving Fund,LB03006001,UPLB Office of the University Registrar,-,,40202010,School Fees,G099,Other School Fees,40202010,School Fees,27,Others,-,,1105,Collection of service and business income,-,  ,
Ornamental Fishes,9313523,164,Revolving Fund,LB03045001,UPLB Limnological Station,-,,40202990,Other Business Income,G099,Others,40202990,Other Business Income,7,Others,-,,1105,Collection of service and business income,-,  ,
Other Activities - Landgrant ,,164,Revolving Fund,LB03016001,UPLB Land Grant Management Office,-,,40202990,Other Business Income,G099,Other Business Income,40202990,Other Business Income,G099,Other Business Income,-,,1105,Collection of service and business income,-,  ,
Other Business Income - Default,,164,Revolving Fund,-,,-,,40202990,Other Business Income,G099,Others,40202990,Other Business Income,7,Others,-,,1105,Collection of service and business income,-,  ,
Other Business Income - DTRI,9304126,164,Revolving Fund,LB04005001,UPLB Dairy Training and Research Institute,-,,40202990,Other Business Income,G099,Others,40202990,Other Business Income,7,Others,-,,1105,Collection of service and business income,-,  ,
Other Business Income - Food Science,,164,Revolving Fund,LB04012001,UPLB Institute of Food Science and Technology,-,,40202990,Other Business Income,G099,Other Business Income,40202990,Other Business Income,G099,Other Business Income,-,,1105,Collection of service and business income,-,  ,
Other Business Income - IAS,9303221,164,Revolving Fund,LB04003001,UPLB Institute of Animal Science,-,,40202990,Other Business Income,G099,Others,40202990,Other Business Income,7,Others,-,,1105,Collection of service and business income,-,  ,
Other Business Income - PHTRC,9312921,164,Revolving Fund,LB04010001,UPLB Postharvest Horticulture Training and Research Center (PHTRC),-,,40202990,Other Business Income,G099,Others,40202990,Other Business Income,7,Others,-,,1105,Collection of service and business income,-,  ,
Other business income - SS,9303821,164,Revolving Fund,LB04002001,UPLB Soil Science Department,-,,40202990,Other Business Income,G099,Others,40202990,Other Business Income,7,Others,-,,1105,Collection of service and business income,-,  ,
Other Business Income - TREES,9315291,164,Revolving Fund,LB03070001,UPLB Training Center for Tropical Resources and Ecosystems Sustainability,-,,40202990,Other Business Income,G099,Others,40202990,Other Business Income,7,Others,-,,1105,Collection of service and business income,-,  ,
Payment of Land Preparation Services,9313121,164,Revolving Fund,LB03030001,UPLB Central Experiment Station,-,,40202990,Other Business Income,G099,Others,40202990,Other Business Income,7,Others,-,,1105,Collection of service and business income,-,  ,
Photocopy,xxxxxxx-503-4020299099,164,Revolving Fund,-,,-,,40202990,Other Business Income,G099,Others,40202990,Other Business Income,7,Others,-,,1105,Collection of service and business income,-,  ,
Photocopy - CEAT,9301032,164,Revolving Fund,LB02015001,UPLB College of Engineering and Agro-Industrial Technology,-,,40202990,Other Business Income,G099,Others,40202990,Other Business Income,7,Others,-,,1105,Collection of service and business income,-,  ,
Photocopy - CEC,9302011,164,Revolving Fund,LB03018001,UPLB Continuing Education Center,-,,40202990,Other Business Income,G099,Others,40202990,Other Business Income,7,Others,-,,1105,Collection of service and business income,-,  ,
Photocopy - PHTRC,9312921,164,Revolving Fund,LB04010001,UPLB Postharvest Horticulture Training and Research Center (PHTRC),-,,40202990,Other Business Income,G099,Others,40202990,Other Business Income,7,Others,-,,1105,Collection of service and business income,-,  ,
Photocopy - RMO,9301911,164,Revolving Fund,LB03004001,UPLB Records Management Office,-,,40202990,Other Business Income,G099,Others,40202990,Other Business Income,7,Others,-,,1105,Collection of service and business income,-,  ,
Photocopy - TREES,9315291,164,Revolving Fund,LB03070001,UPLB Training Center for Tropical Resources and Ecosystems Sustainability,-,,40202990,Other Business Income,G099,Others,40202990,Other Business Income,7,Others,-,,1105,Collection of service and business income,-,  ,
Photoshoot - OVCCA,9314507,164,Revolving Fund,LB02009001,UPLB Office of the Vice Chancellor for Community Affairs,-,,40202990,Other Business Income,G099,Others,40202990,Other Business Income,7,Others,-,,1105,Collection of service and business income,-,  ,
Photoshoot/Pictorial - MCME,9311222,164,Revolving Fund,LB03068001,UPLB Makiling Center for Mountain Ecosystems,-,,40202990,Other Business Income,G099,Others,40202990,Other Business Income,7,Others,-,,1105,Collection of service and business income,-,  ,
Plan of Study - CEAT,9301032,164,Revolving Fund,LB02015001,UPLB College of Engineering and Agro-Industrial Technology,-,,40202990,Other Business Income,G099,Others,40202990,Other Business Income,7,Others,-,,1105,Collection of service and business income,-,  ,
Printing and Computer Rental,,164,Revolving Fund,LB03012001,UPLB Interactive Learning Center,-,,40202990,Other Business Income,G099,Others,40202990,Other Business Income,7,Others,-,,1105,Collection of service and business income,-,  ,
Proceeds On Sale Of Scrap Materials,9305012,164,Revolving Fund,LB02007001,UPLB Office of the Vice Chancellor for Administration,-,,40202990,Other Business Income,G099,Others,40202990,Other Business Income,7,Others,-,,1105,Collection of service and business income,-,  ,
Processing Fee,9314507,164,Revolving Fund,LB02009001,UPLB Office of the Vice Chancellor for Community Affairs,-,,40202990,Other Business Income,G099,Others,40202990,Other Business Income,7,Others,-,,1105,Collection of service and business income,-,  ,
Processing Fee - DTRI,9304126,164,Revolving Fund,LB04005001,UPLB Dairy Training and Research Institute,-,,40202990,Other Business Income,G099,Others,40202990,Other Business Income,7,Others,-,,1105,Collection of service and business income,-,  ,
Publication,xxxxxxx-503-4020215000,164,Revolving Fund,-,,-,,40202150,Income from Printing and Publication,-,,40202150,Income from Printing and Publication,-,,-,,1105,Collection of service and business income,-,  ,
Publication - CA,9316721,164,Revolving Fund,LB02012001,UPLB College of Agriculture and Food Science,-,,40202150,Income from Printing and Publication,-,,40202150,Income from Printing and Publication,-,,C0001301,UPLB 9316721 - CA-Publications (Deans' Office) Revolving Account,1105,Collection of service and business income,-,  ,
Publication - DTRI,9304126,164,Revolving Fund,LB04005001,UPLB Dairy Training and Research Institute,-,,40202150,Income from Printing and Publication,-,,40202150,Income from Printing and Publication,-,,-,,1105,Collection of service and business income,-,  ,
Publication - IAS,9303221,164,Revolving Fund,LB04003001,UPLB Institute of Animal Science,-,,40202150,Income from Printing and Publication,-,,40202150,Income from Printing and Publication,-,,-,,1105,Collection of service and business income,-,  ,
Publication - MNH,9307833,164,Revolving Fund,LB03024001,UPLB Museum of Natural History,-,,40202150,Income from Printing and Publication,-,,40202150,Income from Printing and Publication,-,,-,,1105,Collection of service and business income,-,  ,
Publication - PHTRC,9307833,164,Revolving Fund,LB03024001,UPLB Museum of Natural History,-,,40202150,Income from Printing and Publication,-,,40202150,Income from Printing and Publication,-,,-,,1105,Collection of service and business income,-,  ,
Publication - SS,9303821,164,Revolving Fund,LB04002001,UPLB Soil Science Department,-,,40202150,Income from Printing and Publication,-,,40202150,Income from Printing and Publication,-,,-,,1105,Collection of service and business income,-,  ,
Publication - UPO,9310711,,,,,,,40202150,Income from Printing and Publication,-,,,,,,,,,,,,NEW
Readmission Fee - CAFS,9300221 college of Agriculture / College of Agriculture and Food Science,164,Revolving Fund,LB02012001,UPLB College of Agriculture and Food Science,-,,40202010,School Fees,G099,Other School Fees,40202010,School Fees,27,Others,-,,1105,Collection of service and business income,-,  ,
Readmission Fee - CAS,9300523,164,Revolving Fund,LB02013001,UPLB College of Arts and Sciences,-,,40202010,School Fees,G099,Other School Fees,40202010,School Fees,27,Others,-,,1105,Collection of service and business income,-,  ,
Readmission Fee - CDC,9303420,164,Revolving Fund,LB02014001,UPLB College of Development Communication,-,,40202010,School Fees,G099,Other School Fees,40202010,School Fees,27,Others,-,,1105,Collection of service and business income,-,  ,
Readmission Fee - CEAT,9301032,164,Revolving Fund,LB02015001,UPLB College of Engineering and Agro-Industrial Technology,-,,40202010,School Fees,G099,Other School Fees,40202010,School Fees,27,Others,-,,1105,Collection of service and business income,-,  ,
Readmission Fee - CEM,9300830,164,Revolving Fund,LB02016001,UPLB College of Economics and Management,-,,40202010,School Fees,G099,Other School Fees,40202010,School Fees,27,Others,-,,1105,Collection of service and business income,-,  ,
Readmission Fee - CFNR,9300422,164,Revolving Fund,LB02017001,UPLB College of Forestry and Natural Resources,-,,40202010,School Fees,G099,Other School Fees,40202010,School Fees,27,Others,-,,1105,Collection of service and business income,-,  ,
Readmission Fee - CHE,9308631,164,Revolving Fund,LB02018001,UPLB College of Human Ecology,-,,40202010,School Fees,G099,Other School Fees,40202010,School Fees,27,Others,-,,1105,Collection of service and business income,-,  ,
Readmission Fee - CPAf,9321910,164,Revolving Fund,LB02019001,UPLB College of Public Affairs,-,,40202010,School Fees,G099,Other School Fees,40202010,School Fees,27,Others,-,,1105,Collection of service and business income,-,  ,
Readmission Fee - CVM,9318328,164,Revolving Fund,LB02020001,UPLB College of Veterinary Medicine,-,,40202010,School Fees,G099,Other School Fees,40202010,School Fees,27,Others,-,,1105,Collection of service and business income,-,  ,
Readmission Fee - GS,9300725,164,Revolving Fund,LB02021001,UPLB Graduate School,-,,40202010,School Fees,G099,Other School Fees,40202010,School Fees,27,Others,-,,1105,Collection of service and business income,-,  ,
Readmission Fee - SESAM,9311423,164,Revolving Fund,LB02022001,UPLB School of Environmental Science and Management,-,,40202010,School Fees,G099,Other School Fees,40202010,School Fees,27,Others,-,,1105,Collection of service and business income,-,  ,
Refund Of Excess Cash Advance (164),1990104000-003,164,Revolving Fund,-,,-,,19901040,Advances to Officers and Employees,-,,19901040,Advances to Officers and Employees,-,,-,,1135,Receipt of refund of cash advances,-,  ,
Refund of Excess Salary (164),,164,Revolving Fund,LB03068001,UPLB Makiling Center for Mountain Ecosystems,-,,50212990,Other General Services,-,,50212990,Other General Services,-,,-,,1134,Refund of overpayment of maintenance and other operating expenses,-,  ,
Refund of Matriculation fees,9304811,164,Revolving Fund,LB03006001,UPLB Office of the University Registrar,-,,20401010,Trust Liabilities,-,,20401010,Trust Liabilities,-,,-,,1126,Collection of other trust receipts,-,  ,
Registration Fee,9304811,164,Revolving Fund,LB03006001,UPLB Office of the University Registrar,-,,40202010,School Fees,G002,Income Collection from Students,40202010,School Fees,4,Registration Fee,-,,1105,Collection of service and business income,-,  ,
Registration Fee - BAC,9323012,164,Revolving Fund,-,,-,,40202990,Other Business Income,G099,Other Business Income,40202990,Other Business Income,G099,Other Business Income,-,,1105,Collection of service and business income,-,  ,
Registration Fee - Saturday Bazaar,9316511,164,Revolving Fund,LB03017001,UPLB Business Affairs Office,-,,40202990,Other Business Income,G099,Others,40202990,Other Business Income,7,Others,-,,1105,Collection of service and business income,-,  ,
Remittances,xxxx-1010101000-003,164,Revolving Fund,-,,-,,10101010,Cash - Collecting Officer,-,,10101010,Cash - Collecting Officer,-,,-,,-,,-,  ,
Removal - OUR,9304811-503-4020201002,164,Revolving Fund,-,,-,,40202010,School Fees,G002,Income Collection from Students,40202010,School Fees,27,Others,-,,1105,Collection of service and business income,-,  ,
Removal CA,9300221 college of Agriculture / College of Agriculture and Food Science,164,Revolving Fund,LB02012001,UPLB College of Agriculture and Food Science,-,,40202010,School Fees,G002,Income Collection from Students,40202010,School Fees,27,Others,-,,1105,Collection of service and business income,-,  ,
Removal Fee - CAFS,9300221 college of Agriculture / College of Agriculture and Food Science,164,Revolving Fund,LB02012001,UPLB College of Agriculture and Food Science,-,,40202010,School Fees,G002,Income Collection from Students,40202010,School Fees,27,Others,-,,1105,Collection of service and business income,-,  ,
Removal Fee - CAS,9300523,164,Revolving Fund,LB02013001,UPLB College of Arts and Sciences,-,,40202010,School Fees,G002,Income Collection from Students,40202010,School Fees,27,Others,-,,1105,Collection of service and business income,-,  ,
Removal Fee - CDC,9303420,164,Revolving Fund,LB02014001,UPLB College of Development Communication,-,,40202010,School Fees,G002,Income Collection from Students,40202010,School Fees,27,Others,-,,1105,Collection of service and business income,-,  ,
Removal Fee - CEAT,9301032,164,Revolving Fund,LB02015001,UPLB College of Engineering and Agro-Industrial Technology,-,,40202010,School Fees,G002,Income Collection from Students,40202010,School Fees,27,Others,-,,1105,Collection of service and business income,-,  ,
Removal Fee - CEM,9300830,164,Revolving Fund,LB02016001,UPLB College of Economics and Management,-,,40202010,School Fees,G002,Income Collection from Students,40202010,School Fees,27,Others,-,,1105,Collection of service and business income,-,  ,
Removal Fee - CFNR,9300422,164,Revolving Fund,LB02017001,UPLB College of Forestry and Natural Resources,-,,40202010,School Fees,G002,Income Collection from Students,40202010,School Fees,27,Others,-,,1105,Collection of service and business income,-,  ,
Removal Fee - CHE,9308631,164,Revolving Fund,LB02018001,UPLB College of Human Ecology,-,,40202010,School Fees,G002,Income Collection from Students,40202010,School Fees,27,Others,-,,1105,Collection of service and business income,-,  ,
Removal Fee - CPAF,9321910,164,Revolving Fund,LB02019001,UPLB College of Public Affairs,-,,40202010,School Fees,G002,Income Collection from Students,40202010,School Fees,27,Others,-,,1105,Collection of service and business income,-,  ,
Removal Fee - CVM,9318328,164,Revolving Fund,LB02020001,UPLB College of Veterinary Medicine,-,,40202010,School Fees,G002,Income Collection from Students,40202010,School Fees,27,Others,-,,1105,Collection of service and business income,-,  ,
Removal Fee - GS,9300725,164,Revolving Fund,LB02021001,UPLB Graduate School,-,,40202010,School Fees,G002,Income Collection from Students,40202010,School Fees,27,Others,-,,1105,Collection of service and business income,-,  ,
Removal Fee - SESAM,9311423,164,Revolving Fund,LB02022001,UPLB School of Environmental Science and Management,-,,40202010,School Fees,G002,Income Collection from Students,40202010,School Fees,27,Others,-,,1105,Collection of service and business income,-,  ,
Rental of Baker Hall,9305710,164,Revolving Fund,LB02010001,UPLB Office of the Vice Chancellor for Planning and Development,-,,40202050,Rent/Lease Income,-,,40202050,Rent/Lease Income,-,,-,,1105,Collection of service and business income,-,  ,
Rental of CEAT LH,9301032,164,Revolving Fund,LB02015001,UPLB College of Engineering and Agro-Industrial Technology,-,,40202050,Rent/Lease Income,-,,,,,,,,,,,,NEW
Rental of coaster,9309810,164,Revolving Fund,-,,-,,40202050,Rent/Lease Income,-,,40202050,Rent/Lease Income,4,Space,C0000912,UPLB 9309810 - RF Executive House and Guest House,1105,Collection of service and business income,-,  ,
Rental of Equipment,xxxxxxx-503-4020205000,164,Revolving Fund,-,,-,,40202050,Rent/Lease Income,-,,40202050,Rent/Lease Income,-,,-,,1105,Collection of service and business income,-,  ,
Rental of equipment - Landgrant,,164,Revolving Fund,LB03016001,UPLB Land Grant Management Office,-,,40202050,Rent/Lease Income,-,,40202050,Rent/Lease Income,-,,-,,1105,Collection of service and business income,-,  ,
Rental of Equipment - PHTRC,9312921,164,Revolving Fund,LB04010001,UPLB Postharvest Horticulture Training and Research Center (PHTRC),-,,40202050,Rent/Lease Income,-,,40202050,Rent/Lease Income,-,,-,,1105,Collection of service and business income,-,  ,
Rental of Equipment - TREES,9315291,164,Revolving Fund,LB03070001,UPLB Training Center for Tropical Resources and Ecosystems Sustainability,-,,40202050,Rent/Lease Income,-,,40202050,Rent/Lease Income,-,,-,,1105,Collection of service and business income,-,  ,
Rental of Facilities,xxxxxxx-503-4020205000,164,Revolving Fund,-,,-,,40202050,Rent/Lease Income,-,,40202050,Rent/Lease Income,-,,-,,1105,Collection of service and business income,-,  ,
Rental of facilities - CEC,9302011,164,Revolving Fund,LB03018001,UPLB Continuing Education Center,-,,40202050,Rent/Lease Income,-,,40202050,Rent/Lease Income,-,,-,,1105,Collection of service and business income,-,  ,
Rental of Facilities - Chem,9313723,164,Revolving Fund,LB03040001,UPLB Institute of Chemistry,-,,40202050,Rent/Lease Income,-,,40202050,Rent/Lease Income,-,,-,,1105,Collection of service and business income,-,  ,
Rental of facilities - DHK,9315411,164,Revolving Fund,LB03036001,UPLB Department of Human Kinetics,-,,40202050,Rent/Lease Income,-,,40202050,Rent/Lease Income,-,,-,,1105,Collection of service and business income,-,  ,
Rental of Facilities - IAS,9303221,164,Revolving Fund,LB04003001,UPLB Institute of Animal Science,-,,40202050,Rent/Lease Income,-,,40202050,Rent/Lease Income,-,,-,,1105,Collection of service and business income,-,  ,
Rental of Facilities - ILC,,164,Revolving Fund,LB03012001,UPLB Interactive Learning Center,-,,40202050,Rent/Lease Income,-,,40202050,Rent/Lease Income,-,,-,,1105,Collection of service and business income,-,  ,
Rental of facilities - IMSP,9320623,164,Revolving Fund,LB03042001,UPLB Institute of Mathematical Sciences and Physics,-,,40202050,Rent/Lease Income,-,,40202050,Rent/Lease Income,-,,-,,1105,Collection of service and business income,-,  ,
Rental of Facilities - Makiling Ballroom,9305911,164,Revolving Fund,LB03008001,UPLB Office of the Student Affairs,-,,40202050,Rent/Lease Income,-,,40202050,Rent/Lease Income,-,,-,,1105,Collection of service and business income,-,  ,
Rental of Facilities - MCME,9311222,164,Revolving Fund,LB03068001,UPLB Makiling Center for Mountain Ecosystems,-,,40202050,Rent/Lease Income,-,,40202050,Rent/Lease Income,-,,-,,1105,Collection of service and business income,-,  ,
Rental of Facilities - NCPC,9313021,164,Revolving Fund,LB04006001,UPLB National Crop Protection Center (NCPC),-,,40202050,Rent/Lease Income,-,,40202050,Rent/Lease Income,-,,-,,1105,Collection of service and business income,-,  ,
Rental of Facilities - OSA,9305911,164,Revolving Fund,LB03008001,UPLB Office of the Student Affairs,-,,40202050,Rent/Lease Income,-,,40202050,Rent/Lease Income,-,,-,,1105,Collection of service and business income,-,  ,
Rental of facilities - PHTRC,9312921,164,Revolving Fund,LB04010001,UPLB Postharvest Horticulture Training and Research Center (PHTRC),-,,40202050,Rent/Lease Income,-,,40202050,Rent/Lease Income,-,,-,,1105,Collection of service and business income,-,  ,
Rental of facilities - TREES,9315291,164,Revolving Fund,LB03070001,UPLB Training Center for Tropical Resources and Ecosystems Sustainability,-,,40202050,Rent/Lease Income,-,,40202050,Rent/Lease Income,-,,-,,1105,Collection of service and business income,-,  ,
Rentals of Generators - PPMSO,9302612,164,Revolving Fund,LB03019001,UPLB University Planning & Maintenance Office,-,,40202990,Other Business Income,G099,Others,40202990,Other Business Income,7,Others,-,,1105,Collection of service and business income,-,  ,
Rentals of Gymansium - UPRHS,9300321,164,Revolving Fund,LB03044001,UPLB UP Rural High School,-,,40202050,Rent/Lease Income,-,,40202050,Rent/Lease Income,-,,-,,1105,Collection of service and business income,-,  ,
Residency Fee,9304811,164,Revolving Fund,LB03006001,UPLB Office of the University Registrar,-,,40202010,School Fees,G099,Other School Fees,40202010,School Fees,12,Residence Fee,-,,1105,Collection of service and business income,-,  ,
Residency Fee - CA,9300221 college of Agriculture / College of Agriculture and Food Science,164,Revolving Fund,LB02012001,UPLB College of Agriculture and Food Science,-,,40202010,School Fees,G099,Other School Fees,40202010,School Fees,12,Residence Fee,-,,1105,Collection of service and business income,-,  ,
Residency Fee - CAS,9300523,164,Revolving Fund,LB02013001,UPLB College of Arts and Sciences,-,,40202010,School Fees,G099,Other School Fees,40202010,School Fees,12,Residence Fee,-,,1105,Collection of service and business income,-,  ,
Residency Fee - CDC,9303420,164,Revolving Fund,LB02014001,UPLB College of Development Communication,-,,40202010,School Fees,G099,Other School Fees,40202010,School Fees,12,Residence Fee,-,,1105,Collection of service and business income,-,  ,
Residency Fee - CEAT,9301032,164,Revolving Fund,LB02015001,UPLB College of Engineering and Agro-Industrial Technology,-,,40202010,School Fees,G099,Other School Fees,40202010,School Fees,12,Residence Fee,-,,1105,Collection of service and business income,-,  ,
Residency Fee - CEM,9300830,164,Revolving Fund,LB02016001,UPLB College of Economics and Management,-,,40202010,School Fees,G099,Other School Fees,40202010,School Fees,12,Residence Fee,-,,1105,Collection of service and business income,-,  ,
Residency Fee - CFNR,9300422,164,Revolving Fund,LB02017001,UPLB College of Forestry and Natural Resources,-,,40202010,School Fees,G099,Other School Fees,40202010,School Fees,12,Residence Fee,-,,1105,Collection of service and business income,-,  ,
Residency Fee - CHE,9308631,164,Revolving Fund,LB02018001,UPLB College of Human Ecology,-,,40202010,School Fees,G099,Other School Fees,40202010,School Fees,12,Residence Fee,-,,1105,Collection of service and business income,-,  ,
Residency Fee - CPAf,9321910,164,Revolving Fund,LB02019001,UPLB College of Public Affairs,-,,40202010,School Fees,G099,Other School Fees,40202010,School Fees,12,Residence Fee,-,,1105,Collection of service and business income,-,  ,
Residency Fee - CVM,9318328,164,Revolving Fund,LB02020001,UPLB College of Veterinary Medicine,-,,40202010,School Fees,G099,Other School Fees,40202010,School Fees,12,Residence Fee,-,,1105,Collection of service and business income,-,  ,
Residency Fee - GS,9300725,164,Revolving Fund,LB02021001,UPLB Graduate School,-,,40202010,School Fees,G099,Other School Fees,40202010,School Fees,12,Residence Fee,-,,1105,Collection of service and business income,-,  ,
Residency Fee - SESAM,9311423,164,Revolving Fund,LB02022001,UPLB School of Environmental Science and Management,-,,40202010,School Fees,G099,Other School Fees,40202010,School Fees,12,Residence Fee,-,,1105,Collection of service and business income,-,  ,
Road Pass - La Granja,,164,Revolving Fund,LB03034001,UPLB La Granja Research and Training Station,-,,40202990,Other Business Income,G099,Others,40202990,Other Business Income,7,Others,-,,1105,Collection of service and business income,-,  ,
Room Rent/Use,xxxxxxx-503-4020205000,164,Revolving Fund,-,,-,,40202050,Rent/Lease Income,-,,40202050,Rent/Lease Income,-,,-,,1105,Collection of service and business income,-,  ,
Room Rent/Use - CAS,9300523,164,Revolving Fund,LB02013001,UPLB College of Arts and Sciences,-,,40202050,Rent/Lease Income,-,,40202050,Rent/Lease Income,-,,-,,1105,Collection of service and business income,-,  ,
Room Rent/Use - CEM,9300830,164,Revolving Fund,LB02016001,UPLB College of Economics and Management,-,,40202050,Rent/Lease Income,-,,40202050,Rent/Lease Income,-,,-,,1105,Collection of service and business income,-,  ,
Sacks - DTRI,9304126,164,Revolving Fund,LB04005001,UPLB Dairy Training and Research Institute,-,,40202990,Other Business Income,G099,Others,40202990,Other Business Income,7,Others,-,,1105,Collection of service and business income,-,  ,
Sale of Agricultural Products - DTRI,9304126,164,Revolving Fund,LB04005001,UPLB Dairy Training and Research Institute,-,,40202990,Other Business Income,G099,Others,40202990,Other Business Income,7,Others,-,,1105,Collection of service and business income,-,  ,
Sale of Agricultural Products - Horticulture,9303621,164,Revolving Fund,LB04010001,UPLB Postharvest Horticulture Training and Research Center (PHTRC),-,,40202990,Other Business Income,G099,Others,40202990,Other Business Income,7,Others,-,,1105,Collection of service and business income,-,  ,CHANGE OF CODE
Sale of Agricultural Products - IAS,9303221,164,Revolving Fund,LB04003001,UPLB Institute of Animal Science,-,,40202990,Other Business Income,G099,Others,40202990,Other Business Income,7,Others,-,,1105,Collection of service and business income,-,  ,
Sale of Agricultural Products - IPB,9308921,164,Revolving Fund,LB04011001,UPLB Institute of Plant Breeding (IPB),-,,40202990,Other Business Income,G099,Others,40202990,Other Business Income,7,Others,-,,1105,Collection of service and business income,-,  ,
Sale of Agricultural Products - La Granja,,164,Revolving Fund,LB03034001,UPLB La Granja Research and Training Station,-,,40202990,Other Business Income,G099,Others,40202990,Other Business Income,7,Others,-,,1105,Collection of service and business income,-,  ,
Sale of Agricultural Products - LGMO,9319912,164,Revolving Fund,LB03016001,UPLB Land Grant Management Office,-,,40202990,Other Business Income,G099,Others,40202990,Other Business Income,7,Others,-,,1105,Collection of service and business income,-,  ,
Sale of Agricultural Products - MCME,9311222,164,Revolving Fund,LB03068001,UPLB Makiling Center for Mountain Ecosystems,-,,40202990,Other Business Income,G099,Others,40202990,Other Business Income,7,Others,-,,1105,Collection of service and business income,-,  ,
Sale of Agricultural Products - PHTRC,9303621,164,Revolving Fund,LB04010001,UPLB Postharvest Horticulture Training and Research Center (PHTRC),-,,40202990,Other Business Income,G099,Others,40202990,Other Business Income,7,Others,-,,1105,Collection of service and business income,-,  ,CHANGE OF CODE
Sale of Beef - DTRI,9304126,164,Revolving Fund,LB04005001,UPLB Dairy Training and Research Institute,-,,40202990,Other Business Income,G099,Others,40202990,Other Business Income,7,Others,-,,1105,Collection of service and business income,-,  ,
Sale of Beef - IAS,9303221,164,Revolving Fund,LB04003001,UPLB Institute of Animal Science,-,,40202990,Other Business Income,G099,Others,40202990,Other Business Income,7,Others,-,,1105,Collection of service and business income,-,  ,
Sale of Books,xxxxxxx-503-4020299099,164,Revolving Fund,-,,-,,40202150,Income from Printing and Publication,-,,40202150,Income from Printing and Publication,-,,-,,1105,Collection of service and business income,-,  ,
Sale of Dairy Products - DTRI,9304126,164,Revolving Fund,LB04005001,UPLB Dairy Training and Research Institute,-,,40202990,Other Business Income,G099,Others,40202990,Other Business Income,7,Others,-,,1105,Collection of service and business income,-,  ,
Sale of Live Animals - DTRI,9304126,164,Revolving Fund,LB04005001,UPLB Dairy Training and Research Institute,-,,40202990,Other Business Income,G099,Others,40202990,Other Business Income,7,Others,-,,1105,Collection of service and business income,-,  ,
Sale of Microbial Culture - MNH,9307833,164,Revolving Fund,LB03024001,UPLB Museum of Natural History,-,,40202990,Other Business Income,G099,Others,40202990,Other Business Income,7,Others,-,,1105,Collection of service and business income,-,  ,
Sale of Raw Milk - DTRI,9304126,164,Revolving Fund,LB04005001,UPLB Dairy Training and Research Institute,-,,40202990,Other Business Income,G099,Others,40202990,Other Business Income,7,Others,-,,1105,Collection of service and business income,-,  ,
Scholarship Grants,9304811,164,Revolving Fund,LB03006001,UPLB Office of the University Registrar,-,,10301010,Accounts Receivable,2,Sponsors,10301010,Accounts Receivable,2,Sponsors,-,,1112,Collection of Loans and receivables,-,  ,
Security Clearance,9305112,164,Revolving Fund,LB03014001,UPLB University Police Force,-,,40202990,Other Business Income,G099,Others,40202990,Other Business Income,7,Others,-,,1105,Collection of service and business income,-,  ,
Security Deposit,0519-2999999000-003,164,Revolving Fund,-,,-,,29999990,Other Payables,-,,29999990,Other Payables,-,,-,,1233,Remittance of other payables,-,  ,
Service Record - RMO,9301911,164,Revolving Fund,LB03004001,UPLB Records Management Office,-,,40202990,Other Business Income,G099,Others,40202990,Other Business Income,5,Certificates,-,,1105,Collection of service and business income,-,  ,
Shooting Film - MCME,9311222,164,Revolving Fund,LB03068001,UPLB Makiling Center for Mountain Ecosystems,-,,40202990,Other Business Income,G099,Others,40202990,Other Business Income,7,Others,-,,1105,Collection of service and business income,-,  ,
SLB Interest on Loan,0252-1030101000-003,164,Revolving Fund,LB03008001,UPLB Office of the Student Affairs,-,,20401010,Trust Liabilities,-,,20401010,Trust Liabilities,-,,-,,1126,Collection of other trust receipts,-,  ,
SLB Loan Amount,0444-2040101000-003,164,Revolving Fund,LB03008001,UPLB Office of the Student Affairs,-,,10301010,Accounts Receivable,1,Students,10301010,Accounts Receivable,1,Students,-,,1112,Collection of Loans and receivables,-,  ,
Space Rental - BAO,9316511,164,Revolving Fund,LB03017001,UPLB Business Affairs Office,-,,40202050,Rent/Lease Income,-,,40202050,Rent/Lease Income,4,Space,-,,1105,Collection of service and business income,-,  ,
Space Rental - CEAT,9301032,164,Revolving Fund,LB02015001,UPLB College of Engineering and Agro-Industrial Technology,-,,40202050,Rent/Lease Income,-,,40202050,Rent/Lease Income,4,Space,-,,1105,Collection of service and business income,-,  ,
Space Rental - CFNR,9300422,164,Revolving Fund,LB02017001,UPLB College of Forestry and Natural Resources,-,,40202050,Rent/Lease Income,-,,,,,,,,,,,,new
Space Rental - CTTE,9321611,164,Revolving Fund,LB03022001,UPLB Center for Technology Transfer and Entrepreneurship,-,,40202050,Rent/Lease Income,-,,40202050,Rent/Lease Income,4,Space,-,,1105,Collection of service and business income,-,  ,
Space Rental - DHK,9315411,164,Revolving Fund,LB03036001,UPLB Department of Human Kinetics,-,,40202050,Rent/Lease Income,-,,40202050,Rent/Lease Income,4,Space,-,,1105,Collection of service and business income,-,  ,
Space Rental - HORTICULTURE,9303621,164,Revolving Fund,LB04010001,UPLB Postharvest Horticulture Training and Research Center (PHTRC),-,,40202050,Rent/Lease Income,-,,,,,,,,,,,,new
Space Rental - IBS,9310323,164,Revolving Fund,LB03039001,UPLB Institute of Biological Sciences,-,,40202050,Rent/Lease Income,-,,40202050,Rent/Lease Income,4,Space,-,,1105,Collection of service and business income,-,  ,
Space Rental - IMSP,9320623,164,Revolving Fund,LB03042001,UPLB Institute of Mathematical Sciences and Physics,-,,40202050,Rent/Lease Income,-,,40202050,Rent/Lease Income,4,Space,-,,1105,Collection of service and business income,-,  ,
Space Rental - IPB,9308921,164,Revolving Fund,LB04011001,UPLB Institute of Plant Breeding (IPB),-,,40202050,Rent/Lease Income,-,,40202050,Rent/Lease Income,4,Space,-,,1105,Collection of service and business income,-,  ,
Space Rental - NCAS,9300623,164,Revolving Fund,LB02013001,UPLB College of Arts and Sciences,-,,40202050,Rent/Lease Income,-,,40202050,Rent/Lease Income,4,Space,-,,1105,Collection of service and business income,-,  ,
Space Rental - Others,xxxxxxx-503-4020205000,164,Revolving Fund,-,,-,,40202050,Rent/Lease Income,-,,40202050,Rent/Lease Income,-,,-,,1105,Collection of service and business income,-,  ,
Space Rental - OVCA,9305012,164,Revolving Fund,LB02007001,UPLB Office of the Vice Chancellor for Administration,-,,40202050,Rent/Lease Income,-,,40202050,Rent/Lease Income,4,Space,-,,1105,Collection of service and business income,-,  ,
Space Rental - OVCCA,9314507,164,Revolving Fund,LB02009001,UPLB Office of the Vice Chancellor for Community Affairs,-,,40202050,Rent/Lease Income,-,,40202050,Rent/Lease Income,-,,-,,1105,Collection of service and business income,-,  ,
Space Rental - SSD,9303821,164,Revolving Fund,LB04002001,UPLB Soil Science Department,-,,40202050,Rent/Lease Income,-,,40202050,Rent/Lease Income,4,Space,-,,1105,Collection of service and business income,-,  ,
Space Rental - VTH,9317228,164,Revolving Fund,LB03083001,UPLB Veterinary Teaching Hospital,-,,40202050,Rent/Lease Income,-,,40202050,Rent/Lease Income,4,Space,-,,1105,Collection of service and business income,-,  ,
Spray drying services,9303521,164,Revolving Fund,LB04012001,UPLB Institute of Food Science and Technology,-,,40202990,Other Business Income,G099,Other Business Income,40202990,Other Business Income,G099,Other Business Income,-,,1105,Collection of service and business income,-,  ,
Subscription - PAS,9302921,164,Revolving Fund,LB03035001,UPLB Philippine Agricultural Scientist,-,,40202150,Income from Printing and Publication,-,,40202150,Income from Printing and Publication,-,,-,,1105,Collection of service and business income,-,  ,
Surcharges - Space Rental,xxxxxxx-503-4020205000,164,Revolving Fund,-,,-,,40202050,Rent/Lease Income,-,,40202050,Rent/Lease Income,4,Space,-,,1105,Collection of service and business income,-,  ,
Surcharges - Utilities,9302612,164,Revolving Fund,LB03019001,UPLB University Planning & Maintenance Office,-,,40202990,Other Business Income,G099,Others,40202990,Other Business Income,7,Others,-,,1105,Collection of service and business income,-,  ,
Swimming Pool - DHK,9315411,164,Revolving Fund,LB03036001,UPLB Department of Human Kinetics,-,,40202050,Rent/Lease Income,-,,40202050,Rent/Lease Income,-,,-,,1105,Collection of service and business income,-,  ,
Testing fee - VTH,9317228,164,Revolving Fund,LB03083001,UPLB Veterinary Teaching Hospital,-,,40202990,Other Business Income,G099,,,,,,,,,,,,new
TRANSCRIPT OF RECORDS- UPRHS,9300321,164,Revolving Fund,LB03044001,UPLB UP Rural High School,-,,40202010,School Fees,G099,Other School Fees,40202010,School Fees,27,Others,-,,1105,Collection of service and business income,-,  ,
True Copy of Grades,9304811,164,Revolving Fund,LB03006001,UPLB Office of the University Registrar,-,,40202010,School Fees,G099,Other School Fees,40202010,School Fees,27,Others,-,,1105,Collection of service and business income,-,  ,
True Copy Of Grades - CA,9300221 college of Agriculture / College of Agriculture and Food Science,164,Revolving Fund,LB02012001,UPLB College of Agriculture and Food Science,-,,40202010,School Fees,G099,Other School Fees,40202010,School Fees,27,Others,-,,1105,Collection of service and business income,-,  ,
True Copy Of Grades - CAS,9300523,164,Revolving Fund,LB02013001,UPLB College of Arts and Sciences,-,,40202010,School Fees,G099,Other School Fees,40202010,School Fees,27,Others,-,,1105,Collection of service and business income,-,  ,
True Copy Of Grades - CDC,9303420,164,Revolving Fund,LB02014001,UPLB College of Development Communication,-,,40202010,School Fees,G099,Other School Fees,40202010,School Fees,27,Others,-,,1105,Collection of service and business income,-,  ,
True Copy Of Grades - CEAT,9301032,164,Revolving Fund,LB02015001,UPLB College of Engineering and Agro-Industrial Technology,-,,40202010,School Fees,G099,Other School Fees,40202010,School Fees,27,Others,-,,1105,Collection of service and business income,-,  ,
True Copy Of Grades - CEM,9300830,164,Revolving Fund,LB02016001,UPLB College of Economics and Management,-,,40202010,School Fees,G099,Other School Fees,40202010,School Fees,27,Others,-,,1105,Collection of service and business income,-,  ,
True Copy Of Grades - CFNR,9300422,164,Revolving Fund,LB02017001,UPLB College of Forestry and Natural Resources,-,,40202010,School Fees,G099,Other School Fees,40202010,School Fees,27,Others,-,,1105,Collection of service and business income,-,  ,
True Copy Of Grades - CHE,9308631,164,Revolving Fund,LB02018001,UPLB College of Human Ecology,-,,40202010,School Fees,G099,Other School Fees,40202010,School Fees,27,Others,-,,1105,Collection of service and business income,-,  ,
True Copy Of Grades - CPAF,9321910,164,Revolving Fund,LB02019001,UPLB College of Public Affairs,-,,40202010,School Fees,G099,Other School Fees,40202010,School Fees,27,Others,-,,1105,Collection of service and business income,-,  ,
True Copy Of Grades - CVM,9318328,164,Revolving Fund,LB02020001,UPLB College of Veterinary Medicine,-,,40202010,School Fees,G099,Other School Fees,40202010,School Fees,27,Others,-,,1105,Collection of service and business income,-,  ,
True Copy Of Grades - GS,9300725,164,Revolving Fund,LB02021001,UPLB Graduate School,-,,40202010,School Fees,G099,Other School Fees,40202010,School Fees,27,Others,-,,1105,Collection of service and business income,-,  ,
True Copy Of Grades - SESAM,9311423,164,Revolving Fund,LB02022001,UPLB School of Environmental Science and Management,-,,40202010,School Fees,G099,Other School Fees,40202010,School Fees,27,Others,-,,1105,Collection of service and business income,-,  ,
Under Assessed Matriculation Fee,9304811,164,Revolving Fund,LB03006001,UPLB Office of the University Registrar,-,,30101010,Accumulated Surplus (Deficit),-,,30101010,Government Equity,-,,-,,1141,Other adjustments - inflow,-,  ,
University Health Service Bills - RF,9304312,164,Revolving Fund,LB03013001,UPLB University Health Service,-,,40202170,Hospital Fees,-,,40202170,Hospital Fees,-,,-,,1105,Collection of service and business income,-,  ,
UP Rural High School Matriculation And Other Fees,9300321,164,Revolving Fund,LB03044001,UPLB UP Rural High School,-,,40202010,School Fees,G001,Tuition Fees,40202010,School Fees,-,,-,,1105,Collection of service and business income,-,  ,
UPLB Bee Program,9320123,164,Revolving Fund,-,,-,,40202990,Other Business Income,G099,Others,40202990,Other Business Income,7,Others,C0001818,UPLB 9320123 - UPLB Bee Program,1105,Collection of service and business income,-,  ,
UPLB_Interest_Income,9316410,164,Revolving Fund,-,,-,,40202210,Interest Income,-,,40202210,Interest Income,-,,-,,1106,Collection of other income,-,  ,
UPOC Income,9321310,164,Revolving Fund,LB03025001,UPLB Ugnayan ng Pahinungod,-,,40202990,Other Business Income,G099,Other Business Income,40202990,Other Business Income,G099,Other Business Income,-,,1105,Collection of service and business income,-,  ,
Use of CAS Auditorium,9300523,164,Revolving Fund,LB02013001,UPLB College of Arts and Sciences,-,,40202050,Rent/Lease Income,-,,40202050,Rent/Lease Income,4,Space,-,,1105,Collection of service and business income,-,  ,
Use of CFNR Nicolas Hall,9300422,164,Revolving Fund,LB02017001,UPLB College of Forestry and Natural Resources,-,,40202050,Rent/Lease Income,-,,40202050,Rent/Lease Income,-,,-,,1105,Collection of service and business income,-,  ,
Use of CPCLH,9319621,164,Revolving Fund,LB04018001,"UPLB Institute of Weed Science, Entomology and Plant Pathology",-,,40202050,Rent/Lease Income,-,,40202050,Rent/Lease Income,-,,C0000937,UPLB 9319621 - CROP PROTECTION CLUSTER-LECTURE HALLS INCOME RF,1105,Collection of service and business income,-,  ,
Use of PACDAL,9309810,164,Revolving Fund,-,,-,,40202130,Income from Hostels/Dormitories and Other Like Facilities,-,,40202130,Income from Hostels/Dormitories and Other Like Facilities,-,,C0000912,UPLB 9309810 - RF Executive House and Guest House,1105,Collection of service and business income,-,  ,
Use of pulverizer,9303521,164,Revolving Fund,LB04012001,UPLB Institute of Food Science and Technology,-,,40202050,Rent/Lease Income,-,,40202050,Rent/Lease Income,-,,-,,1105,Collection of service and business income,-,  ,
Use of Social Garden,9350210,164,Revolving Fund,-,,-,,40202050,Rent/Lease Income,-,,40202050,Rent/Lease Income,-,,C0000881,UPLB 9350210 - Senior Social Garden RF,1105,Collection of service and business income,-,  ,
Use of UPCO Social Hall,9309810,164,Revolving Fund,-,,-,,40202050,Rent/Lease Income,-,,40202050,Rent/Lease Income,4,Space,C0000912,UPLB 9309810 - RF Executive House and Guest House,1105,Collection of service and business income,-,  ,
Value Added Tax on Space Rental,0479-2020101000-003,164,Revolving Fund,-,,-,,20201010,Due to BIR,-,,20201010,Due to BIR,-,,-,,1230,Remittance of taxes withheld not covered by TRA,-,  ,
Venue Rental,9304312,164,Revolving Fund,LB03013001,UPLB University Health Service,-,,40202050,Rent/Lease Income,-,,40202050,Rent/Lease Income,-,,-,,1105,Collection of service and business income,-,  ,
Verification Fee,9304811,164,Revolving Fund,LB03006001,UPLB Office of the University Registrar,-,,40202010,School Fees,G099,Other School Fees,40202010,School Fees,27,Others,-,,1105,Collection of service and business income,-,  ,
Water,9302612,164,Revolving Fund,LB03019001,UPLB University Planning & Maintenance Office,-,,40202990,Other Business Income,G099,Others,40202990,Other Business Income,7,Others,-,,1105,Collection of service and business income,-,  ,
Income-OPR,9305610,164,Revolving Fund,LB02003001,UPLB Office of the Public Relations,-,,40202990,Other Business Income,G099,Other Business Income,40202990,Other Business Income,G099,Other Business Income,-,,1105,Collection of service and business income,-,  ,
Rental-OPR,9305610,164,Revolving Fund,LB02003001,UPLB Office of the Public Relations,-,,40202050,Rent/Lease Income,-,,40202050,Rent/Lease Income,-,,-,,1105,Collection of service and business income,-,  ,
Soil Analysis-IRR,9303422,164,Revolving Fund,LB02017001,UPLB College of Forestry and Natural Resources,-,,40202990,Other Business Income,G099,Other Business Income,40202990,Other Business Income,G099,Other Business Income,-,,1105,Collection of service and business income,-,  ,
,,,,,,,,,,,,,,,,,,,,,,
,,,,,,,,,,,,,,,,,,,,,,
,,,,,,,,,,,,,,,,,,,,,,
PREPARED BY:,,,,,,,,,,,,,,,,,,,,,,
RODELYN M. RESUELLO,,,,,,,,,,,,,,,,,,,,,,
ACCOUNTANT 2-UPLB Accounting office,,,,,,,,,,,,,,,,,,,,,,
